country_code,iso3_code,country_name,region,income_level,lending_type,capital_city,created_at,updated_at
ZH,AFE,Africa Eastern and Southern,,,,,2026-09-26 22:42:03.888122+05:30,2026-09-26 22:50:28.440744+05:30
ZI,AFW,Africa Western and Central,,,,,2026-09-26 22:42:03.888122+05:30,2026-09-26 22:50:28.440744+05:30
1A,ARB,Arab World,,,,,2026-09-26 22:42:03.888122+05:30,2026-09-26 22:50:28.440744+05:30
S3,CSS,Caribbean small states,,,,,2026-09-26 22:42:03.888122+05:30,2026-09-26 22:50:28.440744+05:30
B8,CEB,Central Europe and the Baltics,,,,,2026-09-26 22:42:03.888122+05:30,2026-09-26 22:50:28.440744+05:30
V2,EAR,Early-demographic dividend,,,,,2026-09-26 22:42:03.888122+05:30,2026-09-26 22:50:28.440744+05:30
Z4,EAS,East Asia & Pacific,,,,,2026-09-26 22:42:03.888122+05:30,2026-09-26 22:50:28.440744+05:30
4E,EAP,East Asia & Pacific (excluding high income),,,,,2026-09-26 22:42:03.888122+05:30,2026-09-26 22:50:28.440744+05:30
T4,TEA,East Asia & Pacific (IDA & IBRD countries),,,,,2026-09-26 22:42:03.888122+05:30,2026-09-26 22:50:28.440744+05:30
XC,EMU,Euro area,,,,,2026-09-26 22:42:03.888122+05:30,2026-09-26 22:50:28.440744+05:30
Z7,ECS,Europe & Central Asia,,,,,2026-09-26 22:42:03.888122+05:30,2026-09-26 22:50:28.440744+05:30
7E,ECA,Europe & Central Asia (excluding high income),,,,,2026-09-26 22:42:03.888122+05:30,2026-09-26 22:50:28.440744+05:30
T7,TEC,Europe & Central Asia (IDA & IBRD countries),,,,,2026-09-26 22:42:03.888122+05:30,2026-09-26 22:50:28.440744+05:30
EU,EUU,European Union,,,,,2026-09-26 22:42:03.888122+05:30,2026-09-26 22:50:28.440744+05:30
XE,HPC,Heavily indebted poor countries (HIPC),,,,,2026-09-26 22:42:03.888122+05:30,2026-09-26 22:50:28.440744+05:30
XD,,High income,,,,,2026-09-26 22:42:03.888122+05:30,2026-09-26 22:50:28.440744+05:30
XJ,LAC,Latin America & Caribbean (excluding high income),,,,,2026-09-26 22:42:03.888122+05:30,2026-09-26 22:50:28.440744+05:30
T2,TLA,Latin America & the Caribbean (IDA & IBRD countries),,,,,2026-09-26 22:42:03.888122+05:30,2026-09-26 22:50:28.440744+05:30
XL,LDC,Least developed countries: UN classification,,,,,2026-09-26 22:42:03.888122+05:30,2026-09-26 22:50:28.440744+05:30
XO,LMY,Low & middle income,,,,,2026-09-26 22:42:03.888122+05:30,2026-09-26 22:50:28.440744+05:30
XM,,Low income,,,,,2026-09-26 22:42:03.888122+05:30,2026-09-26 22:50:28.440744+05:30
XN,,Lower middle income,,,,,2026-09-26 22:42:03.888122+05:30,2026-09-26 22:50:28.440744+05:30
ZQ,MEA,"Middle East, North Africa, Afghanistan & Pakistan",,,,,2026-09-26 22:42:03.888122+05:30,2026-09-26 22:50:28.440744+05:30
XQ,MNA,"Middle East, North Africa, Afghanistan & Pakistan (excluding high income)",,,,,2026-09-26 22:42:03.888122+05:30,2026-09-26 22:50:28.440744+05:30
T3,TMN,"Middle East, North Africa, Afghanistan & Pakistan (IDA & IBRD)",,,,,2026-09-26 22:42:03.888122+05:30,2026-09-26 22:50:28.440744+05:30
XP,MIC,Middle income,,,,,2026-09-26 22:42:03.888122+05:30,2026-09-26 22:50:28.440744+05:30
XU,NAC,North America,,,,,2026-09-26 22:42:03.888122+05:30,2026-09-26 22:50:28.440744+05:30
OE,OED,OECD members,,,,,2026-09-26 22:42:03.888122+05:30,2026-09-26 22:50:28.440744+05:30
S4,OSS,Other small states,,,,,2026-09-26 22:42:03.888122+05:30,2026-09-26 22:50:28.440744+05:30
S2,PSS,Pacific island small states,,,,,2026-09-26 22:42:03.888122+05:30,2026-09-26 22:50:28.440744+05:30
V4,PST,Post-demographic dividend,,,,,2026-09-26 22:42:03.888122+05:30,2026-09-26 22:50:28.440744+05:30
AR,ARG,Argentina,,,,,2026-09-26 22:42:03.888122+05:30,2026-09-26 22:50:27.179608+05:30
AW,ABW,Aruba,,,,,2026-09-26 22:42:03.888122+05:30,2026-09-26 22:50:27.179608+05:30
BS,BHS,"Bahamas, The",,,,,2026-09-26 22:42:03.888122+05:30,2026-09-26 22:50:27.179608+05:30
XT,,Upper middle income,,,,,2026-09-26 22:42:03.888122+05:30,2026-09-26 22:50:28.440744+05:30
1W,WLD,World,,,,,2026-09-26 22:42:03.888122+05:30,2026-09-26 22:50:28.440744+05:30
AF,AFG,Afghanistan,,,,,2026-09-26 22:42:03.888122+05:30,2026-09-26 22:50:28.440744+05:30
AL,ALB,Albania,,,,,2026-09-26 22:42:03.888122+05:30,2026-09-26 22:50:28.440744+05:30
DZ,DZA,Algeria,,,,,2026-09-26 22:42:03.888122+05:30,2026-09-26 22:50:28.440744+05:30
AS,ASM,American Samoa,,,,,2026-09-26 22:42:03.888122+05:30,2026-09-26 22:50:28.440744+05:30
AD,AND,Andorra,,,,,2026-09-26 22:42:03.888122+05:30,2026-09-26 22:50:28.440744+05:30
AO,AGO,Angola,,,,,2026-09-26 22:42:03.888122+05:30,2026-09-26 22:50:28.440744+05:30
AG,ATG,Antigua and Barbuda,,,,,2026-09-26 22:42:03.888122+05:30,2026-09-26 22:50:28.440744+05:30
AM,ARM,Armenia,,,,,2026-09-26 22:42:03.888122+05:30,2026-09-26 22:50:28.440744+05:30
AU,AUS,Australia,,,,,2026-09-26 22:42:03.888122+05:30,2026-09-26 22:50:28.440744+05:30
AT,AUT,Austria,,,,,2026-09-26 22:42:03.888122+05:30,2026-09-26 22:50:28.440744+05:30
AZ,AZE,Azerbaijan,,,,,2026-09-26 22:42:03.888122+05:30,2026-09-26 22:50:28.440744+05:30
BH,BHR,Bahrain,,,,,2026-09-26 22:42:03.888122+05:30,2026-09-26 22:50:28.440744+05:30
BD,BGD,Bangladesh,,,,,2026-09-26 22:42:03.888122+05:30,2026-09-26 22:50:28.440744+05:30
BB,BRB,Barbados,,,,,2026-09-26 22:42:03.888122+05:30,2026-09-26 22:50:28.440744+05:30
BY,BLR,Belarus,,,,,2026-09-26 22:42:03.888122+05:30,2026-09-26 22:50:28.440744+05:30
BE,BEL,Belgium,,,,,2026-09-26 22:42:03.888122+05:30,2026-09-26 22:50:28.440744+05:30
JG,CHI,Channel Islands,,,,,2026-09-26 22:42:03.888122+05:30,2026-09-26 22:50:27.179608+05:30
CG,COG,"Congo, Rep.",,,,,2026-09-26 22:42:03.888122+05:30,2026-09-26 22:50:27.179608+05:30
BR,BRA,Brazil,,,,,2026-09-26 22:42:03.888122+05:30,2026-09-26 22:50:28.440744+05:30
BN,BRN,Brunei Darussalam,,,,,2026-09-26 22:42:03.888122+05:30,2026-09-26 22:50:28.440744+05:30
BG,BGR,Bulgaria,,,,,2026-09-26 22:42:03.888122+05:30,2026-09-26 22:50:28.440744+05:30
BF,BFA,Burkina Faso,,,,,2026-09-26 22:42:03.888122+05:30,2026-09-26 22:50:28.440744+05:30
BI,BDI,Burundi,,,,,2026-09-26 22:42:03.888122+05:30,2026-09-26 22:50:28.440744+05:30
CV,CPV,Cabo Verde,,,,,2026-09-26 22:42:03.888122+05:30,2026-09-26 22:50:28.440744+05:30
KH,KHM,Cambodia,,,,,2026-09-26 22:42:03.888122+05:30,2026-09-26 22:50:28.440744+05:30
CM,CMR,Cameroon,,,,,2026-09-26 22:42:03.888122+05:30,2026-09-26 22:50:28.440744+05:30
CA,CAN,Canada,,,,,2026-09-26 22:42:03.888122+05:30,2026-09-26 22:50:28.440744+05:30
KY,CYM,Cayman Islands,,,,,2026-09-26 22:42:03.888122+05:30,2026-09-26 22:50:28.440744+05:30
CF,CAF,Central African Republic,,,,,2026-09-26 22:42:03.888122+05:30,2026-09-26 22:50:28.440744+05:30
TD,TCD,Chad,,,,,2026-09-26 22:42:03.888122+05:30,2026-09-26 22:50:28.440744+05:30
CL,CHL,Chile,,,,,2026-09-26 22:42:03.888122+05:30,2026-09-26 22:50:28.440744+05:30
CN,CHN,China,,,,,2026-09-26 22:42:03.888122+05:30,2026-09-26 22:50:28.440744+05:30
CO,COL,Colombia,,,,,2026-09-26 22:42:03.888122+05:30,2026-09-26 22:50:28.440744+05:30
KM,COM,Comoros,,,,,2026-09-26 22:42:03.888122+05:30,2026-09-26 22:50:28.440744+05:30
CD,COD,"Congo, Dem. Rep.",,,,,2026-09-26 22:42:03.888122+05:30,2026-09-26 22:50:28.440744+05:30
CR,CRI,Costa Rica,,,,,2026-09-26 22:42:03.888122+05:30,2026-09-26 22:50:28.440744+05:30
GQ,GNQ,Equatorial Guinea,,,,,2026-09-26 22:42:03.888122+05:30,2026-09-26 22:50:27.179608+05:30
IN,IND,India,,,,,2026-09-26 22:42:04.755934+05:30,2026-09-27 13:17:25.584736+05:30
GD,GRD,Grenada,,,,,2026-09-26 22:42:04.755934+05:30,2026-09-26 22:50:27.179608+05:30
DO,DOM,Dominican Republic,,,,,2026-09-26 22:42:03.888122+05:30,2026-09-26 22:50:28.440744+05:30
EC,ECU,Ecuador,,,,,2026-09-26 22:42:03.888122+05:30,2026-09-26 22:50:28.440744+05:30
EG,EGY,"Egypt, Arab Rep.",,,,,2026-09-26 22:42:03.888122+05:30,2026-09-26 22:50:28.440744+05:30
SV,SLV,El Salvador,,,,,2026-09-26 22:42:03.888122+05:30,2026-09-26 22:50:28.440744+05:30
EE,EST,Estonia,,,,,2026-09-26 22:42:03.888122+05:30,2026-09-26 22:50:28.440744+05:30
SZ,SWZ,Eswatini,,,,,2026-09-26 22:42:03.888122+05:30,2026-09-26 22:50:28.440744+05:30
ET,ETH,Ethiopia,,,,,2026-09-26 22:42:03.888122+05:30,2026-09-26 22:50:28.440744+05:30
FO,FRO,Faroe Islands,,,,,2026-09-26 22:42:03.888122+05:30,2026-09-26 22:50:28.440744+05:30
FJ,FJI,Fiji,,,,,2026-09-26 22:42:03.888122+05:30,2026-09-26 22:50:28.440744+05:30
FI,FIN,Finland,,,,,2026-09-26 22:42:03.888122+05:30,2026-09-26 22:50:28.440744+05:30
FR,FRA,France,,,,,2026-09-26 22:42:03.888122+05:30,2026-09-26 22:50:28.440744+05:30
PF,PYF,French Polynesia,,,,,2026-09-26 22:42:03.888122+05:30,2026-09-26 22:50:28.440744+05:30
GA,GAB,Gabon,,,,,2026-09-26 22:42:03.888122+05:30,2026-09-26 22:50:28.440744+05:30
GM,GMB,"Gambia, The",,,,,2026-09-26 22:42:03.888122+05:30,2026-09-26 22:50:28.440744+05:30
GE,GEO,Georgia,,,,,2026-09-26 22:42:03.888122+05:30,2026-09-26 22:50:28.440744+05:30
DE,DEU,Germany,,,,,2026-09-26 22:42:03.888122+05:30,2026-09-26 22:50:28.440744+05:30
GL,GRL,Greenland,,,,,2026-09-26 22:42:04.755934+05:30,2026-09-26 22:50:28.440744+05:30
GU,GUM,Guam,,,,,2026-09-26 22:42:04.755934+05:30,2026-09-26 22:50:28.440744+05:30
GT,GTM,Guatemala,,,,,2026-09-26 22:42:04.755934+05:30,2026-09-26 22:50:28.440744+05:30
GN,GIN,Guinea,,,,,2026-09-26 22:42:04.755934+05:30,2026-09-26 22:50:28.440744+05:30
GW,GNB,Guinea-Bissau,,,,,2026-09-26 22:42:04.755934+05:30,2026-09-26 22:50:28.440744+05:30
GY,GUY,Guyana,,,,,2026-09-26 22:42:04.755934+05:30,2026-09-26 22:50:28.440744+05:30
HT,HTI,Haiti,,,,,2026-09-26 22:42:04.755934+05:30,2026-09-26 22:50:28.440744+05:30
HN,HND,Honduras,,,,,2026-09-26 22:42:04.755934+05:30,2026-09-26 22:50:28.440744+05:30
HK,HKG,"Hong Kong SAR, China",,,,,2026-09-26 22:42:04.755934+05:30,2026-09-26 22:50:28.440744+05:30
HU,HUN,Hungary,,,,,2026-09-26 22:42:04.755934+05:30,2026-09-26 22:50:28.440744+05:30
IS,ISL,Iceland,,,,,2026-09-26 22:42:04.755934+05:30,2026-09-26 22:50:28.440744+05:30
ID,IDN,Indonesia,,,,,2026-09-26 22:42:04.755934+05:30,2026-09-26 22:50:28.440744+05:30
IR,IRN,"Iran, Islamic Rep.",,,,,2026-09-26 22:42:04.755934+05:30,2026-09-26 22:50:28.440744+05:30
IQ,IRQ,Iraq,,,,,2026-09-26 22:42:04.755934+05:30,2026-09-26 22:50:28.440744+05:30
IE,IRL,Ireland,,,,,2026-09-26 22:42:04.755934+05:30,2026-09-26 22:50:28.440744+05:30
MV,MDV,Maldives,,,,,2026-09-26 22:42:04.755934+05:30,2026-09-26 22:50:28.440744+05:30
XK,XKX,Kosovo,,,,,2026-09-26 22:42:04.755934+05:30,2026-09-26 22:50:27.179608+05:30
KZ,KAZ,Kazakhstan,,,,,2026-09-26 22:42:04.755934+05:30,2026-09-26 22:50:28.440744+05:30
KE,KEN,Kenya,,,,,2026-09-26 22:42:04.755934+05:30,2026-09-26 22:50:28.440744+05:30
KI,KIR,Kiribati,,,,,2026-09-26 22:42:04.755934+05:30,2026-09-26 22:50:28.440744+05:30
KR,KOR,"Korea, Rep.",,,,,2026-09-26 22:42:04.755934+05:30,2026-09-26 22:50:28.440744+05:30
KW,KWT,Kuwait,,,,,2026-09-26 22:42:04.755934+05:30,2026-09-26 22:50:28.440744+05:30
KG,KGZ,Kyrgyz Republic,,,,,2026-09-26 22:42:04.755934+05:30,2026-09-26 22:50:28.440744+05:30
LA,LAO,Lao PDR,,,,,2026-09-26 22:42:04.755934+05:30,2026-09-26 22:50:28.440744+05:30
LV,LVA,Latvia,,,,,2026-09-26 22:42:04.755934+05:30,2026-09-26 22:50:28.440744+05:30
LB,LBN,Lebanon,,,,,2026-09-26 22:42:04.755934+05:30,2026-09-26 22:50:28.440744+05:30
LS,LSO,Lesotho,,,,,2026-09-26 22:42:04.755934+05:30,2026-09-26 22:50:28.440744+05:30
LR,LBR,Liberia,,,,,2026-09-26 22:42:04.755934+05:30,2026-09-26 22:50:28.440744+05:30
LY,LBY,Libya,,,,,2026-09-26 22:42:04.755934+05:30,2026-09-26 22:50:28.440744+05:30
LI,LIE,Liechtenstein,,,,,2026-09-26 22:42:04.755934+05:30,2026-09-26 22:50:28.440744+05:30
LT,LTU,Lithuania,,,,,2026-09-26 22:42:04.755934+05:30,2026-09-26 22:50:28.440744+05:30
LU,LUX,Luxembourg,,,,,2026-09-26 22:42:04.755934+05:30,2026-09-26 22:50:28.440744+05:30
MO,MAC,"Macao SAR, China",,,,,2026-09-26 22:42:04.755934+05:30,2026-09-26 22:50:28.440744+05:30
MG,MDG,Madagascar,,,,,2026-09-26 22:42:04.755934+05:30,2026-09-26 22:50:28.440744+05:30
MW,MWI,Malawi,,,,,2026-09-26 22:42:04.755934+05:30,2026-09-26 22:50:28.440744+05:30
MY,MYS,Malaysia,,,,,2026-09-26 22:42:04.755934+05:30,2026-09-26 22:50:28.440744+05:30
NI,NIC,Nicaragua,,,,,2026-09-26 22:42:04.755934+05:30,2026-09-26 22:50:27.179608+05:30
MC,MCO,Monaco,,,,,2026-09-26 22:42:04.755934+05:30,2026-09-26 22:50:28.440744+05:30
MN,MNG,Mongolia,,,,,2026-09-26 22:42:04.755934+05:30,2026-09-26 22:50:28.440744+05:30
ME,MNE,Montenegro,,,,,2026-09-26 22:42:04.755934+05:30,2026-09-26 22:50:28.440744+05:30
MA,MAR,Morocco,,,,,2026-09-26 22:42:04.755934+05:30,2026-09-26 22:50:28.440744+05:30
MZ,MOZ,Mozambique,,,,,2026-09-26 22:42:04.755934+05:30,2026-09-26 22:50:28.440744+05:30
MM,MMR,Myanmar,,,,,2026-09-26 22:42:04.755934+05:30,2026-09-26 22:50:28.440744+05:30
NA,NAM,Namibia,,,,,2026-09-26 22:42:04.755934+05:30,2026-09-26 22:50:28.440744+05:30
NR,NRU,Naoero,,,,,2026-09-26 22:42:04.755934+05:30,2026-09-26 22:50:28.440744+05:30
NP,NPL,Nepal,,,,,2026-09-26 22:42:04.755934+05:30,2026-09-26 22:50:28.440744+05:30
NL,NLD,Netherlands,,,,,2026-09-26 22:42:04.755934+05:30,2026-09-26 22:50:28.440744+05:30
NC,NCL,New Caledonia,,,,,2026-09-26 22:42:04.755934+05:30,2026-09-26 22:50:28.440744+05:30
NZ,NZL,New Zealand,,,,,2026-09-26 22:42:04.755934+05:30,2026-09-26 22:50:28.440744+05:30
NE,NER,Niger,,,,,2026-09-26 22:42:04.755934+05:30,2026-09-26 22:50:28.440744+05:30
NG,NGA,Nigeria,,,,,2026-09-26 22:42:04.755934+05:30,2026-09-26 22:50:28.440744+05:30
MK,MKD,North Macedonia,,,,,2026-09-26 22:42:04.755934+05:30,2026-09-26 22:50:28.440744+05:30
MP,MNP,Northern Mariana Islands,,,,,2026-09-26 22:42:04.755934+05:30,2026-09-26 22:50:28.440744+05:30
NO,NOR,Norway,,,,,2026-09-26 22:42:04.755934+05:30,2026-09-26 22:50:28.440744+05:30
OM,OMN,Oman,,,,,2026-09-26 22:42:04.755934+05:30,2026-09-26 22:50:28.440744+05:30
PK,PAK,Pakistan,,,,,2026-09-26 22:42:04.755934+05:30,2026-09-26 22:50:28.440744+05:30
PW,PLW,Palau,,,,,2026-09-26 22:42:04.755934+05:30,2026-09-26 22:50:28.440744+05:30
SX,SXM,Sint Maarten (Dutch part),,,,,2026-09-26 22:42:04.755934+05:30,2026-09-26 22:50:27.179608+05:30
PR,PRI,Puerto Rico (US),,,,,2026-09-26 22:42:04.755934+05:30,2026-09-26 22:50:28.440744+05:30
QA,QAT,Qatar,,,,,2026-09-26 22:42:04.755934+05:30,2026-09-26 22:50:28.440744+05:30
RO,ROU,Romania,,,,,2026-09-26 22:42:04.755934+05:30,2026-09-26 22:50:28.440744+05:30
RU,RUS,Russian Federation,,,,,2026-09-26 22:42:04.755934+05:30,2026-09-26 22:50:28.440744+05:30
RW,RWA,Rwanda,,,,,2026-09-26 22:42:04.755934+05:30,2026-09-26 22:50:28.440744+05:30
WS,WSM,Samoa,,,,,2026-09-26 22:42:04.755934+05:30,2026-09-26 22:50:28.440744+05:30
SM,SMR,San Marino,,,,,2026-09-26 22:42:04.755934+05:30,2026-09-26 22:50:28.440744+05:30
ST,STP,Sao Tome and Principe,,,,,2026-09-26 22:42:04.755934+05:30,2026-09-26 22:50:28.440744+05:30
SA,SAU,Saudi Arabia,,,,,2026-09-26 22:42:04.755934+05:30,2026-09-26 22:50:28.440744+05:30
SN,SEN,Senegal,,,,,2026-09-26 22:42:04.755934+05:30,2026-09-26 22:50:28.440744+05:30
RS,SRB,Serbia,,,,,2026-09-26 22:42:04.755934+05:30,2026-09-26 22:50:28.440744+05:30
SC,SYC,Seychelles,,,,,2026-09-26 22:42:04.755934+05:30,2026-09-26 22:50:28.440744+05:30
SL,SLE,Sierra Leone,,,,,2026-09-26 22:42:04.755934+05:30,2026-09-26 22:50:28.440744+05:30
SG,SGP,Singapore,,,,,2026-09-26 22:42:04.755934+05:30,2026-09-26 22:50:28.440744+05:30
SK,SVK,Slovak Republic,,,,,2026-09-26 22:42:04.755934+05:30,2026-09-26 22:50:28.440744+05:30
SI,SVN,Slovenia,,,,,2026-09-26 22:42:04.755934+05:30,2026-09-26 22:50:28.440744+05:30
SB,SLB,Solomon Islands,,,,,2026-09-26 22:42:04.755934+05:30,2026-09-26 22:50:28.440744+05:30
SO,SOM,"Somalia, Fed. Rep.",,,,,2026-09-26 22:42:04.755934+05:30,2026-09-26 22:50:28.440744+05:30
TM,TKM,Turkmenistan,,,,,2026-09-26 22:42:04.755934+05:30,2026-09-26 22:50:28.440744+05:30
UG,UGA,Uganda,,,,,2026-09-26 22:42:05.775574+05:30,2026-09-26 22:43:19.942967+05:30
TC,TCA,Turks and Caicos Islands,,,,,2026-09-26 22:42:04.755934+05:30,2026-09-26 22:50:28.440744+05:30
UA,UKR,Ukraine,,,,,2026-09-26 22:42:05.775574+05:30,2026-09-26 22:43:19.942967+05:30
AE,ARE,United Arab Emirates,,,,,2026-09-26 22:42:05.775574+05:30,2026-09-26 22:43:19.942967+05:30
US,USA,United States,,,,,2026-09-26 22:42:05.775574+05:30,2026-09-27 13:17:25.584736+05:30
GB,GBR,United Kingdom,,,,,2026-09-26 22:42:05.775574+05:30,2026-09-26 22:43:19.942967+05:30
UY,URY,Uruguay,,,,,2026-09-26 22:42:05.775574+05:30,2026-09-26 22:43:19.942967+05:30
XF,IBD,IBRD only,,,,,2026-09-26 22:42:03.888122+05:30,2026-09-26 22:50:28.440744+05:30
ZT,IBT,IDA & IBRD total,,,,,2026-09-26 22:42:03.888122+05:30,2026-09-26 22:50:28.440744+05:30
UZ,UZB,Uzbekistan,,,,,2026-09-26 22:42:05.775574+05:30,2026-09-26 22:43:19.942967+05:30
XH,IDB,IDA blend,,,,,2026-09-26 22:42:03.888122+05:30,2026-09-26 22:50:28.440744+05:30
XI,IDX,IDA only,,,,,2026-09-26 22:42:03.888122+05:30,2026-09-26 22:50:28.440744+05:30
XG,IDA,IDA total,,,,,2026-09-26 22:42:03.888122+05:30,2026-09-26 22:50:28.440744+05:30
VU,VUT,Vanuatu,,,,,2026-09-26 22:42:05.775574+05:30,2026-09-26 22:43:19.942967+05:30
V3,LTE,Late-demographic dividend,,,,,2026-09-26 22:42:03.888122+05:30,2026-09-26 22:50:28.440744+05:30
ZJ,LCN,Latin America & Caribbean,,,,,2026-09-26 22:42:03.888122+05:30,2026-09-26 22:50:28.440744+05:30
V1,PRE,Pre-demographic dividend,,,,,2026-09-26 22:42:03.888122+05:30,2026-09-26 22:50:28.440744+05:30
S1,SST,Small states,,,,,2026-09-26 22:42:03.888122+05:30,2026-09-26 22:50:28.440744+05:30
VE,VEN,"Venezuela, RB",,,,,2026-09-26 22:42:05.775574+05:30,2026-09-26 22:43:19.942967+05:30
8S,SAS,South Asia,,,,,2026-09-26 22:42:03.888122+05:30,2026-09-26 22:50:28.440744+05:30
T5,TSA,South Asia (IDA & IBRD),,,,,2026-09-26 22:42:03.888122+05:30,2026-09-26 22:50:28.440744+05:30
ZG,SSF,Sub-Saharan Africa,,,,,2026-09-26 22:42:03.888122+05:30,2026-09-26 22:50:28.440744+05:30
ZF,SSA,Sub-Saharan Africa (excluding high income),,,,,2026-09-26 22:42:03.888122+05:30,2026-09-26 22:50:28.440744+05:30
VN,VNM,Viet Nam,,,,,2026-09-26 22:42:05.775574+05:30,2026-09-26 22:43:19.942967+05:30
SE,SWE,Sweden,,,,,2026-09-26 22:42:04.755934+05:30,2026-09-26 22:50:28.440744+05:30
CH,CHE,Switzerland,,,,,2026-09-26 22:42:04.755934+05:30,2026-09-26 22:50:28.440744+05:30
SY,SYR,Syrian Arab Republic,,,,,2026-09-26 22:42:04.755934+05:30,2026-09-26 22:50:28.440744+05:30
TJ,TJK,Tajikistan,,,,,2026-09-26 22:42:04.755934+05:30,2026-09-26 22:50:28.440744+05:30
VI,VIR,Virgin Islands (U.S.),,,,,2026-09-26 22:42:05.775574+05:30,2026-09-26 22:43:19.942967+05:30
TZ,TZA,Tanzania,,,,,2026-09-26 22:42:04.755934+05:30,2026-09-26 22:50:28.440744+05:30
TH,THA,Thailand,,,,,2026-09-26 22:42:04.755934+05:30,2026-09-26 22:50:28.440744+05:30
TL,TLS,Timor-Leste,,,,,2026-09-26 22:42:04.755934+05:30,2026-09-26 22:50:28.440744+05:30
TG,TGO,Togo,,,,,2026-09-26 22:42:04.755934+05:30,2026-09-26 22:50:28.440744+05:30
PS,PSE,West Bank and Gaza,,,,,2026-09-26 22:42:05.775574+05:30,2026-09-26 22:43:19.942967+05:30
YE,YEM,"Yemen, Rep.",,,,,2026-09-26 22:42:05.775574+05:30,2026-09-26 22:43:19.942967+05:30
TO,TON,Tonga,,,,,2026-09-26 22:42:04.755934+05:30,2026-09-26 22:50:28.440744+05:30
TT,TTO,Trinidad and Tobago,,,,,2026-09-26 22:42:04.755934+05:30,2026-09-26 22:50:28.440744+05:30
TN,TUN,Tunisia,,,,,2026-09-26 22:42:04.755934+05:30,2026-09-26 22:50:28.440744+05:30
TR,TUR,Turkiye,,,,,2026-09-26 22:42:04.755934+05:30,2026-09-26 22:50:28.440744+05:30
ZM,ZMB,Zambia,,,,,2026-09-26 22:42:05.775574+05:30,2026-09-26 22:43:19.942967+05:30
ER,ERI,Eritrea,,,,,2026-09-26 22:42:06.522356+05:30,2026-09-26 22:50:27.179608+05:30
KP,PRK,"Korea, Dem. People's Rep.",,,,,2026-09-26 22:42:07.557421+05:30,2026-09-26 22:50:27.179608+05:30
FM,FSM,"Micronesia, Fed. Sts.",,,,,2026-09-26 22:42:04.755934+05:30,2026-09-26 22:50:27.179608+05:30
BA,BIH,Bosnia and Herzegovina,,,,,2026-09-26 22:42:03.888122+05:30,2026-09-26 22:50:28.440744+05:30
BW,BWA,Botswana,,,,,2026-09-26 22:42:03.888122+05:30,2026-09-26 22:50:28.440744+05:30
VG,VGB,British Virgin Islands,,,,,2026-09-26 22:42:06.522356+05:30,2026-09-26 22:50:28.440744+05:30
CI,CIV,Cote d'Ivoire,,,,,2026-09-26 22:42:03.888122+05:30,2026-09-26 22:50:28.440744+05:30
HR,HRV,Croatia,,,,,2026-09-26 22:42:03.888122+05:30,2026-09-26 22:50:28.440744+05:30
CU,CUB,Cuba,,,,,2026-09-26 22:42:03.888122+05:30,2026-09-26 22:50:28.440744+05:30
CW,CUW,Curacao,,,,,2026-09-26 22:42:03.888122+05:30,2026-09-26 22:50:28.440744+05:30
CY,CYP,Cyprus,,,,,2026-09-26 22:42:03.888122+05:30,2026-09-26 22:50:28.440744+05:30
CZ,CZE,Czechia,,,,,2026-09-26 22:42:03.888122+05:30,2026-09-26 22:50:28.440744+05:30
DK,DNK,Denmark,,,,,2026-09-26 22:42:03.888122+05:30,2026-09-26 22:50:28.440744+05:30
DJ,DJI,Djibouti,,,,,2026-09-26 22:42:03.888122+05:30,2026-09-26 22:50:28.440744+05:30
DM,DMA,Dominica,,,,,2026-09-26 22:42:03.888122+05:30,2026-09-26 22:50:28.440744+05:30
GH,GHA,Ghana,,,,,2026-09-26 22:42:03.888122+05:30,2026-09-26 22:50:28.440744+05:30
GI,GIB,Gibraltar,,,,,2026-09-26 22:42:06.522356+05:30,2026-09-26 22:50:28.440744+05:30
GR,GRC,Greece,,,,,2026-09-26 22:42:03.888122+05:30,2026-09-26 22:50:28.440744+05:30
IM,IMN,Isle of Man,,,,,2026-09-26 22:42:04.755934+05:30,2026-09-26 22:50:28.440744+05:30
IL,ISR,Israel,,,,,2026-09-26 22:42:04.755934+05:30,2026-09-26 22:50:28.440744+05:30
IT,ITA,Italy,,,,,2026-09-26 22:42:04.755934+05:30,2026-09-26 22:50:28.440744+05:30
JM,JAM,Jamaica,,,,,2026-09-26 22:42:04.755934+05:30,2026-09-26 22:50:28.440744+05:30
JP,JPN,Japan,,,,,2026-09-26 22:42:04.755934+05:30,2026-09-26 22:50:28.440744+05:30
JO,JOR,Jordan,,,,,2026-09-26 22:42:04.755934+05:30,2026-09-26 22:50:28.440744+05:30
ML,MLI,Mali,,,,,2026-09-26 22:42:04.755934+05:30,2026-09-26 22:50:28.440744+05:30
MT,MLT,Malta,,,,,2026-09-26 22:42:04.755934+05:30,2026-09-26 22:50:28.440744+05:30
MH,MHL,Marshall Islands,,,,,2026-09-26 22:42:04.755934+05:30,2026-09-26 22:50:28.440744+05:30
MR,MRT,Mauritania,,,,,2026-09-26 22:42:04.755934+05:30,2026-09-26 22:50:28.440744+05:30
MU,MUS,Mauritius,,,,,2026-09-26 22:42:04.755934+05:30,2026-09-26 22:50:28.440744+05:30
MX,MEX,Mexico,,,,,2026-09-26 22:42:04.755934+05:30,2026-09-26 22:50:28.440744+05:30
MD,MDA,Moldova,,,,,2026-09-26 22:42:04.755934+05:30,2026-09-26 22:50:28.440744+05:30
PA,PAN,Panama,,,,,2026-09-26 22:42:04.755934+05:30,2026-09-26 22:50:28.440744+05:30
PG,PNG,Papua New Guinea,,,,,2026-09-26 22:42:04.755934+05:30,2026-09-26 22:50:28.440744+05:30
PL,POL,Poland,,,,,2026-09-26 22:42:04.755934+05:30,2026-09-26 22:50:28.440744+05:30
PT,PRT,Portugal,,,,,2026-09-26 22:42:04.755934+05:30,2026-09-26 22:50:28.440744+05:30
ZA,ZAF,South Africa,,,,,2026-09-26 22:42:04.755934+05:30,2026-09-26 22:50:28.440744+05:30
SS,SSD,South Sudan,,,,,2026-09-26 22:42:07.557421+05:30,2026-09-26 22:50:28.440744+05:30
ES,ESP,Spain,,,,,2026-09-26 22:42:04.755934+05:30,2026-09-26 22:50:28.440744+05:30
LK,LKA,Sri Lanka,,,,,2026-09-26 22:42:04.755934+05:30,2026-09-26 22:50:28.440744+05:30
LC,LCA,St. Lucia,,,,,2026-09-26 22:42:04.755934+05:30,2026-09-26 22:50:28.440744+05:30
MF,MAF,St. Martin (French part),,,,,2026-09-26 22:42:04.755934+05:30,2026-09-26 22:50:28.440744+05:30
SD,SDN,Sudan,,,,,2026-09-26 22:42:04.755934+05:30,2026-09-26 22:50:28.440744+05:30
SR,SUR,Suriname,,,,,2026-09-26 22:42:04.755934+05:30,2026-09-26 22:50:28.440744+05:30
TV,TUV,Tuvalu,,,,,2026-09-26 22:42:04.755934+05:30,2026-09-26 22:50:28.440744+05:30
ZW,ZWE,Zimbabwe,,,,,2026-09-26 22:42:05.775574+05:30,2026-09-26 22:43:19.942967+05:30
KN,KNA,St. Kitts and Nevis,,,,,2026-09-26 22:42:04.755934+05:30,2026-09-26 22:50:27.179608+05:30
VC,VCT,St. Vincent and the Grenadines,,,,,2026-09-26 22:42:04.755934+05:30,2026-09-26 22:50:27.179608+05:30
T6,TSS,Sub-Saharan Africa (IDA & IBRD countries),,,,,2026-09-26 22:42:03.888122+05:30,2026-09-26 22:50:28.440744+05:30
BZ,BLZ,Belize,,,,,2026-09-26 22:42:03.888122+05:30,2026-09-26 22:50:28.440744+05:30
BJ,BEN,Benin,,,,,2026-09-26 22:42:03.888122+05:30,2026-09-26 22:50:28.440744+05:30
BM,BMU,Bermuda,,,,,2026-09-26 22:42:03.888122+05:30,2026-09-26 22:50:28.440744+05:30
BT,BTN,Bhutan,,,,,2026-09-26 22:42:03.888122+05:30,2026-09-26 22:50:28.440744+05:30
BO,BOL,Bolivia,,,,,2026-09-26 22:42:03.888122+05:30,2026-09-26 22:50:28.440744+05:30
PY,PRY,Paraguay,,,,,2026-09-26 22:42:04.755934+05:30,2026-09-26 22:50:28.440744+05:30
PE,PER,Peru,,,,,2026-09-26 22:42:04.755934+05:30,2026-09-26 22:50:28.440744+05:30
PH,PHL,Philippines,,,,,2026-09-26 22:42:04.755934+05:30,2026-09-26 22:50:28.440744+05:30
