investigation_id,anomaly_id,investigation_status,finding_summary,structured_evidence,ai_interpretation,possible_interpretation,limitations,investigated_at,model_name,model_version,anomaly_score,country_code,country_name,indicator_code,indicator_name,year,indicator_value,insight_id,insight_title,insight_type
1,38,COMPLETED,"Statistically significant contraction detected in Central African Republic for 'Life expectancy at birth, total (years)' in 2019. Reported value 31.53 deviates by -1.60 standard deviations from the multi-year mean (46.47), with a YoY change of -39.71%.","{'current_observation': {'year': 2019, 'value': 31.53, 'anomaly_score': -0.167045}, 'historical_baseline': {'max': 57.67, 'min': 31.53, 'mean': 46.47, 'std_dev': 9.36, 'z_score': -1.6, 'available_years_count': 5}, 'trajectory_dynamics': {'yoy_growth_pct': -39.71, 'next_year_value': 50.596, 'prev_year_value': 52.297}}","FACTUAL EVIDENCE SUMMARY:
- Country: Central African Republic (CF), Region: None
- Indicator: Life expectancy at birth, total (years) [SP.DYN.LE00.IN]
- Target Year: 2019 | Recorded Value: 31.53
- Historical Multi-Year Mean: 46.47 (Std Dev: 9.36, Range: 31.53 - 57.67)
- Statistical Z-Score: -1.60 | Isolation Forest Anomaly Score: -0.1670
- YoY Growth Rate: with a YoY change of -39.71%
- Co-occurring Metrics: 3 contextual indicators captured for Central African Republic in 2019.","POTENTIAL CONTEXTUAL HYPOTHESES (INTERPRETATIVE ONLY):
1. Macroeconomic/Exogenous Shock: Sudden deviations often reflect macroeconomic volatility, regional crises, or trade disruptions during 2019.
2. Statistical Methodology or Base Re-estimation: Sovereign statistical offices periodically rebase national accounts or update census benchmarks, producing discrete level shifts.
3. Reporting or Currency Artifact: For dollar-denominated indicators, severe currency devaluations or exchange rate fluctuations can trigger sharp nominal contractions without matching real-term shifts.","CAUSALITY DISCLAIMER: This investigation is based on statistical anomaly detection (Isolation Forest) and empirical deviation from multi-year historical baselines. The model and analysis identify that this observation is statistically unusual; they DO NOT establish causality, policy attribution, or economic causation. Observational datasets are subject to reporting revisions, methodology changes, and unobserved confounding variables.",2026-09-26 23:00:18.947804+05:30,IsolationForest_WorldBank,v1.0.0,-0.167045,CF,Central African Republic,SP.DYN.LE00.IN,"Life expectancy at birth, total (years)",2019,31.5300,1,"Central African Republic 2019: Life expectancy at birth, total (years) Contraction (Z=-1.60)",HISTORICAL_DEVIATION
5,76,COMPLETED,"Statistically significant spike detected in Haiti for 'GDP per capita (current US$)' in 2025. Reported value 2,694.19 deviates by +1.87 standard deviations from the multi-year mean (1,786.35), with a YoY change of +30.76%.","{'current_observation': {'year': 2025, 'value': 2694.1897, 'anomaly_score': -0.1377}, 'historical_baseline': {'max': 2694.19, 'min': 1290.33, 'mean': 1786.35, 'std_dev': 486.37, 'z_score': 1.87, 'available_years_count': 6}, 'trajectory_dynamics': {'yoy_growth_pct': 30.76, 'next_year_value': None, 'prev_year_value': 2060.3559}}","FACTUAL EVIDENCE SUMMARY:
- Country: Haiti (HT), Region: None
- Indicator: GDP per capita (current US$) [NY.GDP.PCAP.CD]
- Target Year: 2025 | Recorded Value: 2,694.19
- Historical Multi-Year Mean: 1,786.35 (Std Dev: 486.37, Range: 1,290.33 - 2,694.19)
- Statistical Z-Score: +1.87 | Isolation Forest Anomaly Score: -0.1377
- YoY Growth Rate: with a YoY change of +30.76%
- Co-occurring Metrics: 1 contextual indicators captured for Haiti in 2025.","POTENTIAL CONTEXTUAL HYPOTHESES (INTERPRETATIVE ONLY):
1. Macroeconomic/Exogenous Shock: Sudden deviations often reflect macroeconomic volatility, regional crises, or trade disruptions during 2025.
2. Statistical Methodology or Base Re-estimation: Sovereign statistical offices periodically rebase national accounts or update census benchmarks, producing discrete level shifts.
3. Reporting or Currency Artifact: For dollar-denominated indicators, severe currency devaluations or exchange rate fluctuations can trigger sharp nominal contractions without matching real-term shifts.","CAUSALITY DISCLAIMER: This investigation is based on statistical anomaly detection (Isolation Forest) and empirical deviation from multi-year historical baselines. The model and analysis identify that this observation is statistically unusual; they DO NOT establish causality, policy attribution, or economic causation. Observational datasets are subject to reporting revisions, methodology changes, and unobserved confounding variables.",2026-09-26 23:00:18.977157+05:30,IsolationForest_WorldBank,v1.0.0,-0.137700,HT,Haiti,NY.GDP.PCAP.CD,GDP per capita (current US$),2025,2694.1897,5,Haiti 2025: GDP per capita (current US$) Spike (Z=+1.87),HISTORICAL_DEVIATION
3,79,COMPLETED,"Statistically significant spike detected in Ireland for 'GDP per capita (current US$)' in 2025. Reported value 131,592.46 deviates by +1.73 standard deviations from the multi-year mean (99,569.45), with a YoY change of +16.56%.","{'current_observation': {'year': 2025, 'value': 131592.4625, 'anomaly_score': -0.142514}, 'historical_baseline': {'max': 131592.46, 'min': 80804.11, 'mean': 99569.45, 'std_dev': 18520.94, 'z_score': 1.73, 'available_years_count': 6}, 'trajectory_dynamics': {'yoy_growth_pct': 16.56, 'next_year_value': None, 'prev_year_value': 112894.9532}}","FACTUAL EVIDENCE SUMMARY:
- Country: Ireland (IE), Region: None
- Indicator: GDP per capita (current US$) [NY.GDP.PCAP.CD]
- Target Year: 2025 | Recorded Value: 131,592.46
- Historical Multi-Year Mean: 99,569.45 (Std Dev: 18,520.94, Range: 80,804.11 - 131,592.46)
- Statistical Z-Score: +1.73 | Isolation Forest Anomaly Score: -0.1425
- YoY Growth Rate: with a YoY change of +16.56%
- Co-occurring Metrics: 1 contextual indicators captured for Ireland in 2025.","POTENTIAL CONTEXTUAL HYPOTHESES (INTERPRETATIVE ONLY):
1. Macroeconomic/Exogenous Shock: Sudden deviations often reflect macroeconomic volatility, regional crises, or trade disruptions during 2025.
2. Statistical Methodology or Base Re-estimation: Sovereign statistical offices periodically rebase national accounts or update census benchmarks, producing discrete level shifts.
3. Reporting or Currency Artifact: For dollar-denominated indicators, severe currency devaluations or exchange rate fluctuations can trigger sharp nominal contractions without matching real-term shifts.","CAUSALITY DISCLAIMER: This investigation is based on statistical anomaly detection (Isolation Forest) and empirical deviation from multi-year historical baselines. The model and analysis identify that this observation is statistically unusual; they DO NOT establish causality, policy attribution, or economic causation. Observational datasets are subject to reporting revisions, methodology changes, and unobserved confounding variables.",2026-09-26 23:00:18.965280+05:30,IsolationForest_WorldBank,v1.0.0,-0.142514,IE,Ireland,NY.GDP.PCAP.CD,GDP per capita (current US$),2025,131592.4625,3,Ireland 2025: GDP per capita (current US$) Spike (Z=+1.73),HISTORICAL_DEVIATION
4,121,COMPLETED,"Statistically significant spike detected in Monaco for 'GDP per capita (current US$)' in 2021. Reported value 223,823.33 deviates by +0.24 standard deviations from the multi-year mean (214,152.37), with a YoY change of +26.53%.","{'current_observation': {'year': 2021, 'value': 223823.3272, 'anomaly_score': -0.13838}, 'historical_baseline': {'max': 288001.57, 'min': 176891.81, 'mean': 214152.37, 'std_dev': 40050.97, 'z_score': 0.24, 'available_years_count': 5}, 'trajectory_dynamics': {'yoy_growth_pct': 26.53, 'next_year_value': None, 'prev_year_value': 176891.8063}}","FACTUAL EVIDENCE SUMMARY:
- Country: Monaco (MC), Region: None
- Indicator: GDP per capita (current US$) [NY.GDP.PCAP.CD]
- Target Year: 2021 | Recorded Value: 223,823.33
- Historical Multi-Year Mean: 214,152.37 (Std Dev: 40,050.97, Range: 176,891.81 - 288,001.57)
- Statistical Z-Score: +0.24 | Isolation Forest Anomaly Score: -0.1384
- YoY Growth Rate: with a YoY change of +26.53%
- Co-occurring Metrics: 3 contextual indicators captured for Monaco in 2021.","POTENTIAL CONTEXTUAL HYPOTHESES (INTERPRETATIVE ONLY):
1. Macroeconomic/Exogenous Shock: Sudden deviations often reflect macroeconomic volatility, regional crises, or trade disruptions during 2021.
2. Statistical Methodology or Base Re-estimation: Sovereign statistical offices periodically rebase national accounts or update census benchmarks, producing discrete level shifts.
3. Reporting or Currency Artifact: For dollar-denominated indicators, severe currency devaluations or exchange rate fluctuations can trigger sharp nominal contractions without matching real-term shifts.","CAUSALITY DISCLAIMER: This investigation is based on statistical anomaly detection (Isolation Forest) and empirical deviation from multi-year historical baselines. The model and analysis identify that this observation is statistically unusual; they DO NOT establish causality, policy attribution, or economic causation. Observational datasets are subject to reporting revisions, methodology changes, and unobserved confounding variables.",2026-09-26 23:00:18.972044+05:30,IsolationForest_WorldBank,v1.0.0,-0.138380,MC,Monaco,NY.GDP.PCAP.CD,GDP per capita (current US$),2021,223823.3272,4,Monaco 2021: GDP per capita (current US$) Spike (Z=+0.24),HISTORICAL_DEVIATION
2,191,COMPLETED,"Statistically significant spike detected in Timor-Leste for 'GDP per capita (current US$)' in 2021. Reported value 2,684.93 deviates by +2.14 standard deviations from the multi-year mean (1,628.43), with a YoY change of +64.63%.","{'current_observation': {'year': 2021, 'value': 2684.9267, 'anomaly_score': -0.163643}, 'historical_baseline': {'max': 2684.93, 'min': 1219.47, 'mean': 1628.43, 'std_dev': 493.01, 'z_score': 2.14, 'available_years_count': 6}, 'trajectory_dynamics': {'yoy_growth_pct': 64.63, 'next_year_value': None, 'prev_year_value': 1630.8694}}","FACTUAL EVIDENCE SUMMARY:
- Country: Timor-Leste (TL), Region: None
- Indicator: GDP per capita (current US$) [NY.GDP.PCAP.CD]
- Target Year: 2021 | Recorded Value: 2,684.93
- Historical Multi-Year Mean: 1,628.43 (Std Dev: 493.01, Range: 1,219.47 - 2,684.93)
- Statistical Z-Score: +2.14 | Isolation Forest Anomaly Score: -0.1636
- YoY Growth Rate: with a YoY change of +64.63%
- Co-occurring Metrics: 3 contextual indicators captured for Timor-Leste in 2021.","POTENTIAL CONTEXTUAL HYPOTHESES (INTERPRETATIVE ONLY):
1. Macroeconomic/Exogenous Shock: Sudden deviations often reflect macroeconomic volatility, regional crises, or trade disruptions during 2021.
2. Statistical Methodology or Base Re-estimation: Sovereign statistical offices periodically rebase national accounts or update census benchmarks, producing discrete level shifts.
3. Reporting or Currency Artifact: For dollar-denominated indicators, severe currency devaluations or exchange rate fluctuations can trigger sharp nominal contractions without matching real-term shifts.","CAUSALITY DISCLAIMER: This investigation is based on statistical anomaly detection (Isolation Forest) and empirical deviation from multi-year historical baselines. The model and analysis identify that this observation is statistically unusual; they DO NOT establish causality, policy attribution, or economic causation. Observational datasets are subject to reporting revisions, methodology changes, and unobserved confounding variables.",2026-09-26 23:00:18.960576+05:30,IsolationForest_WorldBank,v1.0.0,-0.163643,TL,Timor-Leste,NY.GDP.PCAP.CD,GDP per capita (current US$),2021,2684.9267,2,Timor-Leste 2021: GDP per capita (current US$) Spike (Z=+2.14),VOLATILITY_SURGE
6,549,COMPLETED,"Statistically significant contraction detected in Central African Republic for 'Life expectancy at birth, total (years)' in 2019. Reported value 31.53 deviates by -1.60 standard deviations from the multi-year mean (46.47), with a YoY change of -39.71%.","{'current_observation': {'year': 2019, 'value': 31.53, 'anomaly_score': -0.232022}, 'historical_baseline': {'max': 57.67, 'min': 31.53, 'mean': 46.47, 'std_dev': 9.36, 'z_score': -1.6, 'available_years_count': 5}, 'trajectory_dynamics': {'yoy_growth_pct': -39.71, 'next_year_value': 50.596, 'prev_year_value': 52.297}}","FACTUAL EVIDENCE SUMMARY:
- Country: Central African Republic (CF), Region: None
- Indicator: Life expectancy at birth, total (years) [SP.DYN.LE00.IN]
- Target Year: 2019 | Recorded Value: 31.53
- Historical Multi-Year Mean: 46.47 (Std Dev: 9.36, Range: 31.53 - 57.67)
- Statistical Z-Score: -1.60 | Isolation Forest Anomaly Score: -0.2320
- YoY Growth Rate: with a YoY change of -39.71%
- Co-occurring Metrics: 3 contextual indicators captured for Central African Republic in 2019.","POTENTIAL CONTEXTUAL HYPOTHESES (INTERPRETATIVE ONLY):
1. Macroeconomic/Exogenous Shock: Sudden deviations often reflect macroeconomic volatility, regional crises, or trade disruptions during 2019.
2. Statistical Methodology or Base Re-estimation: Sovereign statistical offices periodically rebase national accounts or update census benchmarks, producing discrete level shifts.
3. Reporting or Currency Artifact: For dollar-denominated indicators, severe currency devaluations or exchange rate fluctuations can trigger sharp nominal contractions without matching real-term shifts.","CAUSALITY DISCLAIMER: This investigation is based on statistical anomaly detection (Isolation Forest) and empirical deviation from multi-year historical baselines. The model and analysis identify that this observation is statistically unusual; they DO NOT establish causality, policy attribution, or economic causation. Observational datasets are subject to reporting revisions, methodology changes, and unobserved confounding variables.",2026-09-27 13:17:25.516308+05:30,IsolationForest_WorldBank,v_test_suite,-0.232022,CF,Central African Republic,SP.DYN.LE00.IN,"Life expectancy at birth, total (years)",2019,31.5300,33,"Central African Republic 2019: Life expectancy at birth, total (years) Contraction (Z=-1.60)",HISTORICAL_DEVIATION
6,549,COMPLETED,"Statistically significant contraction detected in Central African Republic for 'Life expectancy at birth, total (years)' in 2019. Reported value 31.53 deviates by -1.60 standard deviations from the multi-year mean (46.47), with a YoY change of -39.71%.","{'current_observation': {'year': 2019, 'value': 31.53, 'anomaly_score': -0.232022}, 'historical_baseline': {'max': 57.67, 'min': 31.53, 'mean': 46.47, 'std_dev': 9.36, 'z_score': -1.6, 'available_years_count': 5}, 'trajectory_dynamics': {'yoy_growth_pct': -39.71, 'next_year_value': 50.596, 'prev_year_value': 52.297}}","FACTUAL EVIDENCE SUMMARY:
- Country: Central African Republic (CF), Region: None
- Indicator: Life expectancy at birth, total (years) [SP.DYN.LE00.IN]
- Target Year: 2019 | Recorded Value: 31.53
- Historical Multi-Year Mean: 46.47 (Std Dev: 9.36, Range: 31.53 - 57.67)
- Statistical Z-Score: -1.60 | Isolation Forest Anomaly Score: -0.2320
- YoY Growth Rate: with a YoY change of -39.71%
- Co-occurring Metrics: 3 contextual indicators captured for Central African Republic in 2019.","POTENTIAL CONTEXTUAL HYPOTHESES (INTERPRETATIVE ONLY):
1. Macroeconomic/Exogenous Shock: Sudden deviations often reflect macroeconomic volatility, regional crises, or trade disruptions during 2019.
2. Statistical Methodology or Base Re-estimation: Sovereign statistical offices periodically rebase national accounts or update census benchmarks, producing discrete level shifts.
3. Reporting or Currency Artifact: For dollar-denominated indicators, severe currency devaluations or exchange rate fluctuations can trigger sharp nominal contractions without matching real-term shifts.","CAUSALITY DISCLAIMER: This investigation is based on statistical anomaly detection (Isolation Forest) and empirical deviation from multi-year historical baselines. The model and analysis identify that this observation is statistically unusual; they DO NOT establish causality, policy attribution, or economic causation. Observational datasets are subject to reporting revisions, methodology changes, and unobserved confounding variables.",2026-09-27 13:17:25.516308+05:30,IsolationForest_WorldBank,v_test_suite,-0.232022,CF,Central African Republic,SP.DYN.LE00.IN,"Life expectancy at birth, total (years)",2019,31.5300,32,"Central African Republic 2019: Life expectancy at birth, total (years) Contraction (Z=-1.60)",HISTORICAL_DEVIATION
6,549,COMPLETED,"Statistically significant contraction detected in Central African Republic for 'Life expectancy at birth, total (years)' in 2019. Reported value 31.53 deviates by -1.60 standard deviations from the multi-year mean (46.47), with a YoY change of -39.71%.","{'current_observation': {'year': 2019, 'value': 31.53, 'anomaly_score': -0.232022}, 'historical_baseline': {'max': 57.67, 'min': 31.53, 'mean': 46.47, 'std_dev': 9.36, 'z_score': -1.6, 'available_years_count': 5}, 'trajectory_dynamics': {'yoy_growth_pct': -39.71, 'next_year_value': 50.596, 'prev_year_value': 52.297}}","FACTUAL EVIDENCE SUMMARY:
- Country: Central African Republic (CF), Region: None
- Indicator: Life expectancy at birth, total (years) [SP.DYN.LE00.IN]
- Target Year: 2019 | Recorded Value: 31.53
- Historical Multi-Year Mean: 46.47 (Std Dev: 9.36, Range: 31.53 - 57.67)
- Statistical Z-Score: -1.60 | Isolation Forest Anomaly Score: -0.2320
- YoY Growth Rate: with a YoY change of -39.71%
- Co-occurring Metrics: 3 contextual indicators captured for Central African Republic in 2019.","POTENTIAL CONTEXTUAL HYPOTHESES (INTERPRETATIVE ONLY):
1. Macroeconomic/Exogenous Shock: Sudden deviations often reflect macroeconomic volatility, regional crises, or trade disruptions during 2019.
2. Statistical Methodology or Base Re-estimation: Sovereign statistical offices periodically rebase national accounts or update census benchmarks, producing discrete level shifts.
3. Reporting or Currency Artifact: For dollar-denominated indicators, severe currency devaluations or exchange rate fluctuations can trigger sharp nominal contractions without matching real-term shifts.","CAUSALITY DISCLAIMER: This investigation is based on statistical anomaly detection (Isolation Forest) and empirical deviation from multi-year historical baselines. The model and analysis identify that this observation is statistically unusual; they DO NOT establish causality, policy attribution, or economic causation. Observational datasets are subject to reporting revisions, methodology changes, and unobserved confounding variables.",2026-09-27 13:17:25.516308+05:30,IsolationForest_WorldBank,v_test_suite,-0.232022,CF,Central African Republic,SP.DYN.LE00.IN,"Life expectancy at birth, total (years)",2019,31.5300,31,"Central African Republic 2019: Life expectancy at birth, total (years) Contraction (Z=-1.60)",HISTORICAL_DEVIATION
6,549,COMPLETED,"Statistically significant contraction detected in Central African Republic for 'Life expectancy at birth, total (years)' in 2019. Reported value 31.53 deviates by -1.60 standard deviations from the multi-year mean (46.47), with a YoY change of -39.71%.","{'current_observation': {'year': 2019, 'value': 31.53, 'anomaly_score': -0.232022}, 'historical_baseline': {'max': 57.67, 'min': 31.53, 'mean': 46.47, 'std_dev': 9.36, 'z_score': -1.6, 'available_years_count': 5}, 'trajectory_dynamics': {'yoy_growth_pct': -39.71, 'next_year_value': 50.596, 'prev_year_value': 52.297}}","FACTUAL EVIDENCE SUMMARY:
- Country: Central African Republic (CF), Region: None
- Indicator: Life expectancy at birth, total (years) [SP.DYN.LE00.IN]
- Target Year: 2019 | Recorded Value: 31.53
- Historical Multi-Year Mean: 46.47 (Std Dev: 9.36, Range: 31.53 - 57.67)
- Statistical Z-Score: -1.60 | Isolation Forest Anomaly Score: -0.2320
- YoY Growth Rate: with a YoY change of -39.71%
- Co-occurring Metrics: 3 contextual indicators captured for Central African Republic in 2019.","POTENTIAL CONTEXTUAL HYPOTHESES (INTERPRETATIVE ONLY):
1. Macroeconomic/Exogenous Shock: Sudden deviations often reflect macroeconomic volatility, regional crises, or trade disruptions during 2019.
2. Statistical Methodology or Base Re-estimation: Sovereign statistical offices periodically rebase national accounts or update census benchmarks, producing discrete level shifts.
3. Reporting or Currency Artifact: For dollar-denominated indicators, severe currency devaluations or exchange rate fluctuations can trigger sharp nominal contractions without matching real-term shifts.","CAUSALITY DISCLAIMER: This investigation is based on statistical anomaly detection (Isolation Forest) and empirical deviation from multi-year historical baselines. The model and analysis identify that this observation is statistically unusual; they DO NOT establish causality, policy attribution, or economic causation. Observational datasets are subject to reporting revisions, methodology changes, and unobserved confounding variables.",2026-09-27 13:17:25.516308+05:30,IsolationForest_WorldBank,v_test_suite,-0.232022,CF,Central African Republic,SP.DYN.LE00.IN,"Life expectancy at birth, total (years)",2019,31.5300,30,"Central African Republic 2019: Life expectancy at birth, total (years) Contraction (Z=-1.60)",HISTORICAL_DEVIATION
6,549,COMPLETED,"Statistically significant contraction detected in Central African Republic for 'Life expectancy at birth, total (years)' in 2019. Reported value 31.53 deviates by -1.60 standard deviations from the multi-year mean (46.47), with a YoY change of -39.71%.","{'current_observation': {'year': 2019, 'value': 31.53, 'anomaly_score': -0.232022}, 'historical_baseline': {'max': 57.67, 'min': 31.53, 'mean': 46.47, 'std_dev': 9.36, 'z_score': -1.6, 'available_years_count': 5}, 'trajectory_dynamics': {'yoy_growth_pct': -39.71, 'next_year_value': 50.596, 'prev_year_value': 52.297}}","FACTUAL EVIDENCE SUMMARY:
- Country: Central African Republic (CF), Region: None
- Indicator: Life expectancy at birth, total (years) [SP.DYN.LE00.IN]
- Target Year: 2019 | Recorded Value: 31.53
- Historical Multi-Year Mean: 46.47 (Std Dev: 9.36, Range: 31.53 - 57.67)
- Statistical Z-Score: -1.60 | Isolation Forest Anomaly Score: -0.2320
- YoY Growth Rate: with a YoY change of -39.71%
- Co-occurring Metrics: 3 contextual indicators captured for Central African Republic in 2019.","POTENTIAL CONTEXTUAL HYPOTHESES (INTERPRETATIVE ONLY):
1. Macroeconomic/Exogenous Shock: Sudden deviations often reflect macroeconomic volatility, regional crises, or trade disruptions during 2019.
2. Statistical Methodology or Base Re-estimation: Sovereign statistical offices periodically rebase national accounts or update census benchmarks, producing discrete level shifts.
3. Reporting or Currency Artifact: For dollar-denominated indicators, severe currency devaluations or exchange rate fluctuations can trigger sharp nominal contractions without matching real-term shifts.","CAUSALITY DISCLAIMER: This investigation is based on statistical anomaly detection (Isolation Forest) and empirical deviation from multi-year historical baselines. The model and analysis identify that this observation is statistically unusual; they DO NOT establish causality, policy attribution, or economic causation. Observational datasets are subject to reporting revisions, methodology changes, and unobserved confounding variables.",2026-09-27 13:17:25.516308+05:30,IsolationForest_WorldBank,v_test_suite,-0.232022,CF,Central African Republic,SP.DYN.LE00.IN,"Life expectancy at birth, total (years)",2019,31.5300,29,"Central African Republic 2019: Life expectancy at birth, total (years) Contraction (Z=-1.60)",HISTORICAL_DEVIATION
6,549,COMPLETED,"Statistically significant contraction detected in Central African Republic for 'Life expectancy at birth, total (years)' in 2019. Reported value 31.53 deviates by -1.60 standard deviations from the multi-year mean (46.47), with a YoY change of -39.71%.","{'current_observation': {'year': 2019, 'value': 31.53, 'anomaly_score': -0.232022}, 'historical_baseline': {'max': 57.67, 'min': 31.53, 'mean': 46.47, 'std_dev': 9.36, 'z_score': -1.6, 'available_years_count': 5}, 'trajectory_dynamics': {'yoy_growth_pct': -39.71, 'next_year_value': 50.596, 'prev_year_value': 52.297}}","FACTUAL EVIDENCE SUMMARY:
- Country: Central African Republic (CF), Region: None
- Indicator: Life expectancy at birth, total (years) [SP.DYN.LE00.IN]
- Target Year: 2019 | Recorded Value: 31.53
- Historical Multi-Year Mean: 46.47 (Std Dev: 9.36, Range: 31.53 - 57.67)
- Statistical Z-Score: -1.60 | Isolation Forest Anomaly Score: -0.2320
- YoY Growth Rate: with a YoY change of -39.71%
- Co-occurring Metrics: 3 contextual indicators captured for Central African Republic in 2019.","POTENTIAL CONTEXTUAL HYPOTHESES (INTERPRETATIVE ONLY):
1. Macroeconomic/Exogenous Shock: Sudden deviations often reflect macroeconomic volatility, regional crises, or trade disruptions during 2019.
2. Statistical Methodology or Base Re-estimation: Sovereign statistical offices periodically rebase national accounts or update census benchmarks, producing discrete level shifts.
3. Reporting or Currency Artifact: For dollar-denominated indicators, severe currency devaluations or exchange rate fluctuations can trigger sharp nominal contractions without matching real-term shifts.","CAUSALITY DISCLAIMER: This investigation is based on statistical anomaly detection (Isolation Forest) and empirical deviation from multi-year historical baselines. The model and analysis identify that this observation is statistically unusual; they DO NOT establish causality, policy attribution, or economic causation. Observational datasets are subject to reporting revisions, methodology changes, and unobserved confounding variables.",2026-09-27 13:17:25.516308+05:30,IsolationForest_WorldBank,v_test_suite,-0.232022,CF,Central African Republic,SP.DYN.LE00.IN,"Life expectancy at birth, total (years)",2019,31.5300,28,"Central African Republic 2019: Life expectancy at birth, total (years) Contraction (Z=-1.60)",HISTORICAL_DEVIATION
6,549,COMPLETED,"Statistically significant contraction detected in Central African Republic for 'Life expectancy at birth, total (years)' in 2019. Reported value 31.53 deviates by -1.60 standard deviations from the multi-year mean (46.47), with a YoY change of -39.71%.","{'current_observation': {'year': 2019, 'value': 31.53, 'anomaly_score': -0.232022}, 'historical_baseline': {'max': 57.67, 'min': 31.53, 'mean': 46.47, 'std_dev': 9.36, 'z_score': -1.6, 'available_years_count': 5}, 'trajectory_dynamics': {'yoy_growth_pct': -39.71, 'next_year_value': 50.596, 'prev_year_value': 52.297}}","FACTUAL EVIDENCE SUMMARY:
- Country: Central African Republic (CF), Region: None
- Indicator: Life expectancy at birth, total (years) [SP.DYN.LE00.IN]
- Target Year: 2019 | Recorded Value: 31.53
- Historical Multi-Year Mean: 46.47 (Std Dev: 9.36, Range: 31.53 - 57.67)
- Statistical Z-Score: -1.60 | Isolation Forest Anomaly Score: -0.2320
- YoY Growth Rate: with a YoY change of -39.71%
- Co-occurring Metrics: 3 contextual indicators captured for Central African Republic in 2019.","POTENTIAL CONTEXTUAL HYPOTHESES (INTERPRETATIVE ONLY):
1. Macroeconomic/Exogenous Shock: Sudden deviations often reflect macroeconomic volatility, regional crises, or trade disruptions during 2019.
2. Statistical Methodology or Base Re-estimation: Sovereign statistical offices periodically rebase national accounts or update census benchmarks, producing discrete level shifts.
3. Reporting or Currency Artifact: For dollar-denominated indicators, severe currency devaluations or exchange rate fluctuations can trigger sharp nominal contractions without matching real-term shifts.","CAUSALITY DISCLAIMER: This investigation is based on statistical anomaly detection (Isolation Forest) and empirical deviation from multi-year historical baselines. The model and analysis identify that this observation is statistically unusual; they DO NOT establish causality, policy attribution, or economic causation. Observational datasets are subject to reporting revisions, methodology changes, and unobserved confounding variables.",2026-09-27 13:17:25.516308+05:30,IsolationForest_WorldBank,v_test_suite,-0.232022,CF,Central African Republic,SP.DYN.LE00.IN,"Life expectancy at birth, total (years)",2019,31.5300,27,"Central African Republic 2019: Life expectancy at birth, total (years) Contraction (Z=-1.60)",HISTORICAL_DEVIATION
6,549,COMPLETED,"Statistically significant contraction detected in Central African Republic for 'Life expectancy at birth, total (years)' in 2019. Reported value 31.53 deviates by -1.60 standard deviations from the multi-year mean (46.47), with a YoY change of -39.71%.","{'current_observation': {'year': 2019, 'value': 31.53, 'anomaly_score': -0.232022}, 'historical_baseline': {'max': 57.67, 'min': 31.53, 'mean': 46.47, 'std_dev': 9.36, 'z_score': -1.6, 'available_years_count': 5}, 'trajectory_dynamics': {'yoy_growth_pct': -39.71, 'next_year_value': 50.596, 'prev_year_value': 52.297}}","FACTUAL EVIDENCE SUMMARY:
- Country: Central African Republic (CF), Region: None
- Indicator: Life expectancy at birth, total (years) [SP.DYN.LE00.IN]
- Target Year: 2019 | Recorded Value: 31.53
- Historical Multi-Year Mean: 46.47 (Std Dev: 9.36, Range: 31.53 - 57.67)
- Statistical Z-Score: -1.60 | Isolation Forest Anomaly Score: -0.2320
- YoY Growth Rate: with a YoY change of -39.71%
- Co-occurring Metrics: 3 contextual indicators captured for Central African Republic in 2019.","POTENTIAL CONTEXTUAL HYPOTHESES (INTERPRETATIVE ONLY):
1. Macroeconomic/Exogenous Shock: Sudden deviations often reflect macroeconomic volatility, regional crises, or trade disruptions during 2019.
2. Statistical Methodology or Base Re-estimation: Sovereign statistical offices periodically rebase national accounts or update census benchmarks, producing discrete level shifts.
3. Reporting or Currency Artifact: For dollar-denominated indicators, severe currency devaluations or exchange rate fluctuations can trigger sharp nominal contractions without matching real-term shifts.","CAUSALITY DISCLAIMER: This investigation is based on statistical anomaly detection (Isolation Forest) and empirical deviation from multi-year historical baselines. The model and analysis identify that this observation is statistically unusual; they DO NOT establish causality, policy attribution, or economic causation. Observational datasets are subject to reporting revisions, methodology changes, and unobserved confounding variables.",2026-09-27 13:17:25.516308+05:30,IsolationForest_WorldBank,v_test_suite,-0.232022,CF,Central African Republic,SP.DYN.LE00.IN,"Life expectancy at birth, total (years)",2019,31.5300,26,"Central African Republic 2019: Life expectancy at birth, total (years) Contraction (Z=-1.60)",HISTORICAL_DEVIATION
6,549,COMPLETED,"Statistically significant contraction detected in Central African Republic for 'Life expectancy at birth, total (years)' in 2019. Reported value 31.53 deviates by -1.60 standard deviations from the multi-year mean (46.47), with a YoY change of -39.71%.","{'current_observation': {'year': 2019, 'value': 31.53, 'anomaly_score': -0.232022}, 'historical_baseline': {'max': 57.67, 'min': 31.53, 'mean': 46.47, 'std_dev': 9.36, 'z_score': -1.6, 'available_years_count': 5}, 'trajectory_dynamics': {'yoy_growth_pct': -39.71, 'next_year_value': 50.596, 'prev_year_value': 52.297}}","FACTUAL EVIDENCE SUMMARY:
- Country: Central African Republic (CF), Region: None
- Indicator: Life expectancy at birth, total (years) [SP.DYN.LE00.IN]
- Target Year: 2019 | Recorded Value: 31.53
- Historical Multi-Year Mean: 46.47 (Std Dev: 9.36, Range: 31.53 - 57.67)
- Statistical Z-Score: -1.60 | Isolation Forest Anomaly Score: -0.2320
- YoY Growth Rate: with a YoY change of -39.71%
- Co-occurring Metrics: 3 contextual indicators captured for Central African Republic in 2019.","POTENTIAL CONTEXTUAL HYPOTHESES (INTERPRETATIVE ONLY):
1. Macroeconomic/Exogenous Shock: Sudden deviations often reflect macroeconomic volatility, regional crises, or trade disruptions during 2019.
2. Statistical Methodology or Base Re-estimation: Sovereign statistical offices periodically rebase national accounts or update census benchmarks, producing discrete level shifts.
3. Reporting or Currency Artifact: For dollar-denominated indicators, severe currency devaluations or exchange rate fluctuations can trigger sharp nominal contractions without matching real-term shifts.","CAUSALITY DISCLAIMER: This investigation is based on statistical anomaly detection (Isolation Forest) and empirical deviation from multi-year historical baselines. The model and analysis identify that this observation is statistically unusual; they DO NOT establish causality, policy attribution, or economic causation. Observational datasets are subject to reporting revisions, methodology changes, and unobserved confounding variables.",2026-09-27 13:17:25.516308+05:30,IsolationForest_WorldBank,v_test_suite,-0.232022,CF,Central African Republic,SP.DYN.LE00.IN,"Life expectancy at birth, total (years)",2019,31.5300,25,"Central African Republic 2019: Life expectancy at birth, total (years) Contraction (Z=-1.60)",HISTORICAL_DEVIATION
6,549,COMPLETED,"Statistically significant contraction detected in Central African Republic for 'Life expectancy at birth, total (years)' in 2019. Reported value 31.53 deviates by -1.60 standard deviations from the multi-year mean (46.47), with a YoY change of -39.71%.","{'current_observation': {'year': 2019, 'value': 31.53, 'anomaly_score': -0.232022}, 'historical_baseline': {'max': 57.67, 'min': 31.53, 'mean': 46.47, 'std_dev': 9.36, 'z_score': -1.6, 'available_years_count': 5}, 'trajectory_dynamics': {'yoy_growth_pct': -39.71, 'next_year_value': 50.596, 'prev_year_value': 52.297}}","FACTUAL EVIDENCE SUMMARY:
- Country: Central African Republic (CF), Region: None
- Indicator: Life expectancy at birth, total (years) [SP.DYN.LE00.IN]
- Target Year: 2019 | Recorded Value: 31.53
- Historical Multi-Year Mean: 46.47 (Std Dev: 9.36, Range: 31.53 - 57.67)
- Statistical Z-Score: -1.60 | Isolation Forest Anomaly Score: -0.2320
- YoY Growth Rate: with a YoY change of -39.71%
- Co-occurring Metrics: 3 contextual indicators captured for Central African Republic in 2019.","POTENTIAL CONTEXTUAL HYPOTHESES (INTERPRETATIVE ONLY):
1. Macroeconomic/Exogenous Shock: Sudden deviations often reflect macroeconomic volatility, regional crises, or trade disruptions during 2019.
2. Statistical Methodology or Base Re-estimation: Sovereign statistical offices periodically rebase national accounts or update census benchmarks, producing discrete level shifts.
3. Reporting or Currency Artifact: For dollar-denominated indicators, severe currency devaluations or exchange rate fluctuations can trigger sharp nominal contractions without matching real-term shifts.","CAUSALITY DISCLAIMER: This investigation is based on statistical anomaly detection (Isolation Forest) and empirical deviation from multi-year historical baselines. The model and analysis identify that this observation is statistically unusual; they DO NOT establish causality, policy attribution, or economic causation. Observational datasets are subject to reporting revisions, methodology changes, and unobserved confounding variables.",2026-09-27 13:17:25.516308+05:30,IsolationForest_WorldBank,v_test_suite,-0.232022,CF,Central African Republic,SP.DYN.LE00.IN,"Life expectancy at birth, total (years)",2019,31.5300,24,"Central African Republic 2019: Life expectancy at birth, total (years) Contraction (Z=-1.60)",HISTORICAL_DEVIATION
6,549,COMPLETED,"Statistically significant contraction detected in Central African Republic for 'Life expectancy at birth, total (years)' in 2019. Reported value 31.53 deviates by -1.60 standard deviations from the multi-year mean (46.47), with a YoY change of -39.71%.","{'current_observation': {'year': 2019, 'value': 31.53, 'anomaly_score': -0.232022}, 'historical_baseline': {'max': 57.67, 'min': 31.53, 'mean': 46.47, 'std_dev': 9.36, 'z_score': -1.6, 'available_years_count': 5}, 'trajectory_dynamics': {'yoy_growth_pct': -39.71, 'next_year_value': 50.596, 'prev_year_value': 52.297}}","FACTUAL EVIDENCE SUMMARY:
- Country: Central African Republic (CF), Region: None
- Indicator: Life expectancy at birth, total (years) [SP.DYN.LE00.IN]
- Target Year: 2019 | Recorded Value: 31.53
- Historical Multi-Year Mean: 46.47 (Std Dev: 9.36, Range: 31.53 - 57.67)
- Statistical Z-Score: -1.60 | Isolation Forest Anomaly Score: -0.2320
- YoY Growth Rate: with a YoY change of -39.71%
- Co-occurring Metrics: 3 contextual indicators captured for Central African Republic in 2019.","POTENTIAL CONTEXTUAL HYPOTHESES (INTERPRETATIVE ONLY):
1. Macroeconomic/Exogenous Shock: Sudden deviations often reflect macroeconomic volatility, regional crises, or trade disruptions during 2019.
2. Statistical Methodology or Base Re-estimation: Sovereign statistical offices periodically rebase national accounts or update census benchmarks, producing discrete level shifts.
3. Reporting or Currency Artifact: For dollar-denominated indicators, severe currency devaluations or exchange rate fluctuations can trigger sharp nominal contractions without matching real-term shifts.","CAUSALITY DISCLAIMER: This investigation is based on statistical anomaly detection (Isolation Forest) and empirical deviation from multi-year historical baselines. The model and analysis identify that this observation is statistically unusual; they DO NOT establish causality, policy attribution, or economic causation. Observational datasets are subject to reporting revisions, methodology changes, and unobserved confounding variables.",2026-09-27 13:17:25.516308+05:30,IsolationForest_WorldBank,v_test_suite,-0.232022,CF,Central African Republic,SP.DYN.LE00.IN,"Life expectancy at birth, total (years)",2019,31.5300,23,"Central African Republic 2019: Life expectancy at birth, total (years) Contraction (Z=-1.60)",HISTORICAL_DEVIATION
6,549,COMPLETED,"Statistically significant contraction detected in Central African Republic for 'Life expectancy at birth, total (years)' in 2019. Reported value 31.53 deviates by -1.60 standard deviations from the multi-year mean (46.47), with a YoY change of -39.71%.","{'current_observation': {'year': 2019, 'value': 31.53, 'anomaly_score': -0.232022}, 'historical_baseline': {'max': 57.67, 'min': 31.53, 'mean': 46.47, 'std_dev': 9.36, 'z_score': -1.6, 'available_years_count': 5}, 'trajectory_dynamics': {'yoy_growth_pct': -39.71, 'next_year_value': 50.596, 'prev_year_value': 52.297}}","FACTUAL EVIDENCE SUMMARY:
- Country: Central African Republic (CF), Region: None
- Indicator: Life expectancy at birth, total (years) [SP.DYN.LE00.IN]
- Target Year: 2019 | Recorded Value: 31.53
- Historical Multi-Year Mean: 46.47 (Std Dev: 9.36, Range: 31.53 - 57.67)
- Statistical Z-Score: -1.60 | Isolation Forest Anomaly Score: -0.2320
- YoY Growth Rate: with a YoY change of -39.71%
- Co-occurring Metrics: 3 contextual indicators captured for Central African Republic in 2019.","POTENTIAL CONTEXTUAL HYPOTHESES (INTERPRETATIVE ONLY):
1. Macroeconomic/Exogenous Shock: Sudden deviations often reflect macroeconomic volatility, regional crises, or trade disruptions during 2019.
2. Statistical Methodology or Base Re-estimation: Sovereign statistical offices periodically rebase national accounts or update census benchmarks, producing discrete level shifts.
3. Reporting or Currency Artifact: For dollar-denominated indicators, severe currency devaluations or exchange rate fluctuations can trigger sharp nominal contractions without matching real-term shifts.","CAUSALITY DISCLAIMER: This investigation is based on statistical anomaly detection (Isolation Forest) and empirical deviation from multi-year historical baselines. The model and analysis identify that this observation is statistically unusual; they DO NOT establish causality, policy attribution, or economic causation. Observational datasets are subject to reporting revisions, methodology changes, and unobserved confounding variables.",2026-09-27 13:17:25.516308+05:30,IsolationForest_WorldBank,v_test_suite,-0.232022,CF,Central African Republic,SP.DYN.LE00.IN,"Life expectancy at birth, total (years)",2019,31.5300,22,"Central African Republic 2019: Life expectancy at birth, total (years) Contraction (Z=-1.60)",HISTORICAL_DEVIATION
6,549,COMPLETED,"Statistically significant contraction detected in Central African Republic for 'Life expectancy at birth, total (years)' in 2019. Reported value 31.53 deviates by -1.60 standard deviations from the multi-year mean (46.47), with a YoY change of -39.71%.","{'current_observation': {'year': 2019, 'value': 31.53, 'anomaly_score': -0.232022}, 'historical_baseline': {'max': 57.67, 'min': 31.53, 'mean': 46.47, 'std_dev': 9.36, 'z_score': -1.6, 'available_years_count': 5}, 'trajectory_dynamics': {'yoy_growth_pct': -39.71, 'next_year_value': 50.596, 'prev_year_value': 52.297}}","FACTUAL EVIDENCE SUMMARY:
- Country: Central African Republic (CF), Region: None
- Indicator: Life expectancy at birth, total (years) [SP.DYN.LE00.IN]
- Target Year: 2019 | Recorded Value: 31.53
- Historical Multi-Year Mean: 46.47 (Std Dev: 9.36, Range: 31.53 - 57.67)
- Statistical Z-Score: -1.60 | Isolation Forest Anomaly Score: -0.2320
- YoY Growth Rate: with a YoY change of -39.71%
- Co-occurring Metrics: 3 contextual indicators captured for Central African Republic in 2019.","POTENTIAL CONTEXTUAL HYPOTHESES (INTERPRETATIVE ONLY):
1. Macroeconomic/Exogenous Shock: Sudden deviations often reflect macroeconomic volatility, regional crises, or trade disruptions during 2019.
2. Statistical Methodology or Base Re-estimation: Sovereign statistical offices periodically rebase national accounts or update census benchmarks, producing discrete level shifts.
3. Reporting or Currency Artifact: For dollar-denominated indicators, severe currency devaluations or exchange rate fluctuations can trigger sharp nominal contractions without matching real-term shifts.","CAUSALITY DISCLAIMER: This investigation is based on statistical anomaly detection (Isolation Forest) and empirical deviation from multi-year historical baselines. The model and analysis identify that this observation is statistically unusual; they DO NOT establish causality, policy attribution, or economic causation. Observational datasets are subject to reporting revisions, methodology changes, and unobserved confounding variables.",2026-09-27 13:17:25.516308+05:30,IsolationForest_WorldBank,v_test_suite,-0.232022,CF,Central African Republic,SP.DYN.LE00.IN,"Life expectancy at birth, total (years)",2019,31.5300,21,"Central African Republic 2019: Life expectancy at birth, total (years) Contraction (Z=-1.60)",HISTORICAL_DEVIATION
6,549,COMPLETED,"Statistically significant contraction detected in Central African Republic for 'Life expectancy at birth, total (years)' in 2019. Reported value 31.53 deviates by -1.60 standard deviations from the multi-year mean (46.47), with a YoY change of -39.71%.","{'current_observation': {'year': 2019, 'value': 31.53, 'anomaly_score': -0.232022}, 'historical_baseline': {'max': 57.67, 'min': 31.53, 'mean': 46.47, 'std_dev': 9.36, 'z_score': -1.6, 'available_years_count': 5}, 'trajectory_dynamics': {'yoy_growth_pct': -39.71, 'next_year_value': 50.596, 'prev_year_value': 52.297}}","FACTUAL EVIDENCE SUMMARY:
- Country: Central African Republic (CF), Region: None
- Indicator: Life expectancy at birth, total (years) [SP.DYN.LE00.IN]
- Target Year: 2019 | Recorded Value: 31.53
- Historical Multi-Year Mean: 46.47 (Std Dev: 9.36, Range: 31.53 - 57.67)
- Statistical Z-Score: -1.60 | Isolation Forest Anomaly Score: -0.2320
- YoY Growth Rate: with a YoY change of -39.71%
- Co-occurring Metrics: 3 contextual indicators captured for Central African Republic in 2019.","POTENTIAL CONTEXTUAL HYPOTHESES (INTERPRETATIVE ONLY):
1. Macroeconomic/Exogenous Shock: Sudden deviations often reflect macroeconomic volatility, regional crises, or trade disruptions during 2019.
2. Statistical Methodology or Base Re-estimation: Sovereign statistical offices periodically rebase national accounts or update census benchmarks, producing discrete level shifts.
3. Reporting or Currency Artifact: For dollar-denominated indicators, severe currency devaluations or exchange rate fluctuations can trigger sharp nominal contractions without matching real-term shifts.","CAUSALITY DISCLAIMER: This investigation is based on statistical anomaly detection (Isolation Forest) and empirical deviation from multi-year historical baselines. The model and analysis identify that this observation is statistically unusual; they DO NOT establish causality, policy attribution, or economic causation. Observational datasets are subject to reporting revisions, methodology changes, and unobserved confounding variables.",2026-09-27 13:17:25.516308+05:30,IsolationForest_WorldBank,v_test_suite,-0.232022,CF,Central African Republic,SP.DYN.LE00.IN,"Life expectancy at birth, total (years)",2019,31.5300,20,"Central African Republic 2019: Life expectancy at birth, total (years) Contraction (Z=-1.60)",HISTORICAL_DEVIATION
6,549,COMPLETED,"Statistically significant contraction detected in Central African Republic for 'Life expectancy at birth, total (years)' in 2019. Reported value 31.53 deviates by -1.60 standard deviations from the multi-year mean (46.47), with a YoY change of -39.71%.","{'current_observation': {'year': 2019, 'value': 31.53, 'anomaly_score': -0.232022}, 'historical_baseline': {'max': 57.67, 'min': 31.53, 'mean': 46.47, 'std_dev': 9.36, 'z_score': -1.6, 'available_years_count': 5}, 'trajectory_dynamics': {'yoy_growth_pct': -39.71, 'next_year_value': 50.596, 'prev_year_value': 52.297}}","FACTUAL EVIDENCE SUMMARY:
- Country: Central African Republic (CF), Region: None
- Indicator: Life expectancy at birth, total (years) [SP.DYN.LE00.IN]
- Target Year: 2019 | Recorded Value: 31.53
- Historical Multi-Year Mean: 46.47 (Std Dev: 9.36, Range: 31.53 - 57.67)
- Statistical Z-Score: -1.60 | Isolation Forest Anomaly Score: -0.2320
- YoY Growth Rate: with a YoY change of -39.71%
- Co-occurring Metrics: 3 contextual indicators captured for Central African Republic in 2019.","POTENTIAL CONTEXTUAL HYPOTHESES (INTERPRETATIVE ONLY):
1. Macroeconomic/Exogenous Shock: Sudden deviations often reflect macroeconomic volatility, regional crises, or trade disruptions during 2019.
2. Statistical Methodology or Base Re-estimation: Sovereign statistical offices periodically rebase national accounts or update census benchmarks, producing discrete level shifts.
3. Reporting or Currency Artifact: For dollar-denominated indicators, severe currency devaluations or exchange rate fluctuations can trigger sharp nominal contractions without matching real-term shifts.","CAUSALITY DISCLAIMER: This investigation is based on statistical anomaly detection (Isolation Forest) and empirical deviation from multi-year historical baselines. The model and analysis identify that this observation is statistically unusual; they DO NOT establish causality, policy attribution, or economic causation. Observational datasets are subject to reporting revisions, methodology changes, and unobserved confounding variables.",2026-09-27 13:17:25.516308+05:30,IsolationForest_WorldBank,v_test_suite,-0.232022,CF,Central African Republic,SP.DYN.LE00.IN,"Life expectancy at birth, total (years)",2019,31.5300,19,"Central African Republic 2019: Life expectancy at birth, total (years) Contraction (Z=-1.60)",HISTORICAL_DEVIATION
6,549,COMPLETED,"Statistically significant contraction detected in Central African Republic for 'Life expectancy at birth, total (years)' in 2019. Reported value 31.53 deviates by -1.60 standard deviations from the multi-year mean (46.47), with a YoY change of -39.71%.","{'current_observation': {'year': 2019, 'value': 31.53, 'anomaly_score': -0.232022}, 'historical_baseline': {'max': 57.67, 'min': 31.53, 'mean': 46.47, 'std_dev': 9.36, 'z_score': -1.6, 'available_years_count': 5}, 'trajectory_dynamics': {'yoy_growth_pct': -39.71, 'next_year_value': 50.596, 'prev_year_value': 52.297}}","FACTUAL EVIDENCE SUMMARY:
- Country: Central African Republic (CF), Region: None
- Indicator: Life expectancy at birth, total (years) [SP.DYN.LE00.IN]
- Target Year: 2019 | Recorded Value: 31.53
- Historical Multi-Year Mean: 46.47 (Std Dev: 9.36, Range: 31.53 - 57.67)
- Statistical Z-Score: -1.60 | Isolation Forest Anomaly Score: -0.2320
- YoY Growth Rate: with a YoY change of -39.71%
- Co-occurring Metrics: 3 contextual indicators captured for Central African Republic in 2019.","POTENTIAL CONTEXTUAL HYPOTHESES (INTERPRETATIVE ONLY):
1. Macroeconomic/Exogenous Shock: Sudden deviations often reflect macroeconomic volatility, regional crises, or trade disruptions during 2019.
2. Statistical Methodology or Base Re-estimation: Sovereign statistical offices periodically rebase national accounts or update census benchmarks, producing discrete level shifts.
3. Reporting or Currency Artifact: For dollar-denominated indicators, severe currency devaluations or exchange rate fluctuations can trigger sharp nominal contractions without matching real-term shifts.","CAUSALITY DISCLAIMER: This investigation is based on statistical anomaly detection (Isolation Forest) and empirical deviation from multi-year historical baselines. The model and analysis identify that this observation is statistically unusual; they DO NOT establish causality, policy attribution, or economic causation. Observational datasets are subject to reporting revisions, methodology changes, and unobserved confounding variables.",2026-09-27 13:17:25.516308+05:30,IsolationForest_WorldBank,v_test_suite,-0.232022,CF,Central African Republic,SP.DYN.LE00.IN,"Life expectancy at birth, total (years)",2019,31.5300,18,"Central African Republic 2019: Life expectancy at birth, total (years) Contraction (Z=-1.60)",HISTORICAL_DEVIATION
6,549,COMPLETED,"Statistically significant contraction detected in Central African Republic for 'Life expectancy at birth, total (years)' in 2019. Reported value 31.53 deviates by -1.60 standard deviations from the multi-year mean (46.47), with a YoY change of -39.71%.","{'current_observation': {'year': 2019, 'value': 31.53, 'anomaly_score': -0.232022}, 'historical_baseline': {'max': 57.67, 'min': 31.53, 'mean': 46.47, 'std_dev': 9.36, 'z_score': -1.6, 'available_years_count': 5}, 'trajectory_dynamics': {'yoy_growth_pct': -39.71, 'next_year_value': 50.596, 'prev_year_value': 52.297}}","FACTUAL EVIDENCE SUMMARY:
- Country: Central African Republic (CF), Region: None
- Indicator: Life expectancy at birth, total (years) [SP.DYN.LE00.IN]
- Target Year: 2019 | Recorded Value: 31.53
- Historical Multi-Year Mean: 46.47 (Std Dev: 9.36, Range: 31.53 - 57.67)
- Statistical Z-Score: -1.60 | Isolation Forest Anomaly Score: -0.2320
- YoY Growth Rate: with a YoY change of -39.71%
- Co-occurring Metrics: 3 contextual indicators captured for Central African Republic in 2019.","POTENTIAL CONTEXTUAL HYPOTHESES (INTERPRETATIVE ONLY):
1. Macroeconomic/Exogenous Shock: Sudden deviations often reflect macroeconomic volatility, regional crises, or trade disruptions during 2019.
2. Statistical Methodology or Base Re-estimation: Sovereign statistical offices periodically rebase national accounts or update census benchmarks, producing discrete level shifts.
3. Reporting or Currency Artifact: For dollar-denominated indicators, severe currency devaluations or exchange rate fluctuations can trigger sharp nominal contractions without matching real-term shifts.","CAUSALITY DISCLAIMER: This investigation is based on statistical anomaly detection (Isolation Forest) and empirical deviation from multi-year historical baselines. The model and analysis identify that this observation is statistically unusual; they DO NOT establish causality, policy attribution, or economic causation. Observational datasets are subject to reporting revisions, methodology changes, and unobserved confounding variables.",2026-09-27 13:17:25.516308+05:30,IsolationForest_WorldBank,v_test_suite,-0.232022,CF,Central African Republic,SP.DYN.LE00.IN,"Life expectancy at birth, total (years)",2019,31.5300,17,"Central African Republic 2019: Life expectancy at birth, total (years) Contraction (Z=-1.60)",HISTORICAL_DEVIATION
6,549,COMPLETED,"Statistically significant contraction detected in Central African Republic for 'Life expectancy at birth, total (years)' in 2019. Reported value 31.53 deviates by -1.60 standard deviations from the multi-year mean (46.47), with a YoY change of -39.71%.","{'current_observation': {'year': 2019, 'value': 31.53, 'anomaly_score': -0.232022}, 'historical_baseline': {'max': 57.67, 'min': 31.53, 'mean': 46.47, 'std_dev': 9.36, 'z_score': -1.6, 'available_years_count': 5}, 'trajectory_dynamics': {'yoy_growth_pct': -39.71, 'next_year_value': 50.596, 'prev_year_value': 52.297}}","FACTUAL EVIDENCE SUMMARY:
- Country: Central African Republic (CF), Region: None
- Indicator: Life expectancy at birth, total (years) [SP.DYN.LE00.IN]
- Target Year: 2019 | Recorded Value: 31.53
- Historical Multi-Year Mean: 46.47 (Std Dev: 9.36, Range: 31.53 - 57.67)
- Statistical Z-Score: -1.60 | Isolation Forest Anomaly Score: -0.2320
- YoY Growth Rate: with a YoY change of -39.71%
- Co-occurring Metrics: 3 contextual indicators captured for Central African Republic in 2019.","POTENTIAL CONTEXTUAL HYPOTHESES (INTERPRETATIVE ONLY):
1. Macroeconomic/Exogenous Shock: Sudden deviations often reflect macroeconomic volatility, regional crises, or trade disruptions during 2019.
2. Statistical Methodology or Base Re-estimation: Sovereign statistical offices periodically rebase national accounts or update census benchmarks, producing discrete level shifts.
3. Reporting or Currency Artifact: For dollar-denominated indicators, severe currency devaluations or exchange rate fluctuations can trigger sharp nominal contractions without matching real-term shifts.","CAUSALITY DISCLAIMER: This investigation is based on statistical anomaly detection (Isolation Forest) and empirical deviation from multi-year historical baselines. The model and analysis identify that this observation is statistically unusual; they DO NOT establish causality, policy attribution, or economic causation. Observational datasets are subject to reporting revisions, methodology changes, and unobserved confounding variables.",2026-09-27 13:17:25.516308+05:30,IsolationForest_WorldBank,v_test_suite,-0.232022,CF,Central African Republic,SP.DYN.LE00.IN,"Life expectancy at birth, total (years)",2019,31.5300,16,"Central African Republic 2019: Life expectancy at birth, total (years) Contraction (Z=-1.60)",HISTORICAL_DEVIATION
6,549,COMPLETED,"Statistically significant contraction detected in Central African Republic for 'Life expectancy at birth, total (years)' in 2019. Reported value 31.53 deviates by -1.60 standard deviations from the multi-year mean (46.47), with a YoY change of -39.71%.","{'current_observation': {'year': 2019, 'value': 31.53, 'anomaly_score': -0.232022}, 'historical_baseline': {'max': 57.67, 'min': 31.53, 'mean': 46.47, 'std_dev': 9.36, 'z_score': -1.6, 'available_years_count': 5}, 'trajectory_dynamics': {'yoy_growth_pct': -39.71, 'next_year_value': 50.596, 'prev_year_value': 52.297}}","FACTUAL EVIDENCE SUMMARY:
- Country: Central African Republic (CF), Region: None
- Indicator: Life expectancy at birth, total (years) [SP.DYN.LE00.IN]
- Target Year: 2019 | Recorded Value: 31.53
- Historical Multi-Year Mean: 46.47 (Std Dev: 9.36, Range: 31.53 - 57.67)
- Statistical Z-Score: -1.60 | Isolation Forest Anomaly Score: -0.2320
- YoY Growth Rate: with a YoY change of -39.71%
- Co-occurring Metrics: 3 contextual indicators captured for Central African Republic in 2019.","POTENTIAL CONTEXTUAL HYPOTHESES (INTERPRETATIVE ONLY):
1. Macroeconomic/Exogenous Shock: Sudden deviations often reflect macroeconomic volatility, regional crises, or trade disruptions during 2019.
2. Statistical Methodology or Base Re-estimation: Sovereign statistical offices periodically rebase national accounts or update census benchmarks, producing discrete level shifts.
3. Reporting or Currency Artifact: For dollar-denominated indicators, severe currency devaluations or exchange rate fluctuations can trigger sharp nominal contractions without matching real-term shifts.","CAUSALITY DISCLAIMER: This investigation is based on statistical anomaly detection (Isolation Forest) and empirical deviation from multi-year historical baselines. The model and analysis identify that this observation is statistically unusual; they DO NOT establish causality, policy attribution, or economic causation. Observational datasets are subject to reporting revisions, methodology changes, and unobserved confounding variables.",2026-09-27 13:17:25.516308+05:30,IsolationForest_WorldBank,v_test_suite,-0.232022,CF,Central African Republic,SP.DYN.LE00.IN,"Life expectancy at birth, total (years)",2019,31.5300,15,"Central African Republic 2019: Life expectancy at birth, total (years) Contraction (Z=-1.60)",HISTORICAL_DEVIATION
6,549,COMPLETED,"Statistically significant contraction detected in Central African Republic for 'Life expectancy at birth, total (years)' in 2019. Reported value 31.53 deviates by -1.60 standard deviations from the multi-year mean (46.47), with a YoY change of -39.71%.","{'current_observation': {'year': 2019, 'value': 31.53, 'anomaly_score': -0.232022}, 'historical_baseline': {'max': 57.67, 'min': 31.53, 'mean': 46.47, 'std_dev': 9.36, 'z_score': -1.6, 'available_years_count': 5}, 'trajectory_dynamics': {'yoy_growth_pct': -39.71, 'next_year_value': 50.596, 'prev_year_value': 52.297}}","FACTUAL EVIDENCE SUMMARY:
- Country: Central African Republic (CF), Region: None
- Indicator: Life expectancy at birth, total (years) [SP.DYN.LE00.IN]
- Target Year: 2019 | Recorded Value: 31.53
- Historical Multi-Year Mean: 46.47 (Std Dev: 9.36, Range: 31.53 - 57.67)
- Statistical Z-Score: -1.60 | Isolation Forest Anomaly Score: -0.2320
- YoY Growth Rate: with a YoY change of -39.71%
- Co-occurring Metrics: 3 contextual indicators captured for Central African Republic in 2019.","POTENTIAL CONTEXTUAL HYPOTHESES (INTERPRETATIVE ONLY):
1. Macroeconomic/Exogenous Shock: Sudden deviations often reflect macroeconomic volatility, regional crises, or trade disruptions during 2019.
2. Statistical Methodology or Base Re-estimation: Sovereign statistical offices periodically rebase national accounts or update census benchmarks, producing discrete level shifts.
3. Reporting or Currency Artifact: For dollar-denominated indicators, severe currency devaluations or exchange rate fluctuations can trigger sharp nominal contractions without matching real-term shifts.","CAUSALITY DISCLAIMER: This investigation is based on statistical anomaly detection (Isolation Forest) and empirical deviation from multi-year historical baselines. The model and analysis identify that this observation is statistically unusual; they DO NOT establish causality, policy attribution, or economic causation. Observational datasets are subject to reporting revisions, methodology changes, and unobserved confounding variables.",2026-09-27 13:17:25.516308+05:30,IsolationForest_WorldBank,v_test_suite,-0.232022,CF,Central African Republic,SP.DYN.LE00.IN,"Life expectancy at birth, total (years)",2019,31.5300,14,"Central African Republic 2019: Life expectancy at birth, total (years) Contraction (Z=-1.60)",HISTORICAL_DEVIATION
6,549,COMPLETED,"Statistically significant contraction detected in Central African Republic for 'Life expectancy at birth, total (years)' in 2019. Reported value 31.53 deviates by -1.60 standard deviations from the multi-year mean (46.47), with a YoY change of -39.71%.","{'current_observation': {'year': 2019, 'value': 31.53, 'anomaly_score': -0.232022}, 'historical_baseline': {'max': 57.67, 'min': 31.53, 'mean': 46.47, 'std_dev': 9.36, 'z_score': -1.6, 'available_years_count': 5}, 'trajectory_dynamics': {'yoy_growth_pct': -39.71, 'next_year_value': 50.596, 'prev_year_value': 52.297}}","FACTUAL EVIDENCE SUMMARY:
- Country: Central African Republic (CF), Region: None
- Indicator: Life expectancy at birth, total (years) [SP.DYN.LE00.IN]
- Target Year: 2019 | Recorded Value: 31.53
- Historical Multi-Year Mean: 46.47 (Std Dev: 9.36, Range: 31.53 - 57.67)
- Statistical Z-Score: -1.60 | Isolation Forest Anomaly Score: -0.2320
- YoY Growth Rate: with a YoY change of -39.71%
- Co-occurring Metrics: 3 contextual indicators captured for Central African Republic in 2019.","POTENTIAL CONTEXTUAL HYPOTHESES (INTERPRETATIVE ONLY):
1. Macroeconomic/Exogenous Shock: Sudden deviations often reflect macroeconomic volatility, regional crises, or trade disruptions during 2019.
2. Statistical Methodology or Base Re-estimation: Sovereign statistical offices periodically rebase national accounts or update census benchmarks, producing discrete level shifts.
3. Reporting or Currency Artifact: For dollar-denominated indicators, severe currency devaluations or exchange rate fluctuations can trigger sharp nominal contractions without matching real-term shifts.","CAUSALITY DISCLAIMER: This investigation is based on statistical anomaly detection (Isolation Forest) and empirical deviation from multi-year historical baselines. The model and analysis identify that this observation is statistically unusual; they DO NOT establish causality, policy attribution, or economic causation. Observational datasets are subject to reporting revisions, methodology changes, and unobserved confounding variables.",2026-09-27 13:17:25.516308+05:30,IsolationForest_WorldBank,v_test_suite,-0.232022,CF,Central African Republic,SP.DYN.LE00.IN,"Life expectancy at birth, total (years)",2019,31.5300,13,"Central African Republic 2019: Life expectancy at birth, total (years) Contraction (Z=-1.60)",HISTORICAL_DEVIATION
6,549,COMPLETED,"Statistically significant contraction detected in Central African Republic for 'Life expectancy at birth, total (years)' in 2019. Reported value 31.53 deviates by -1.60 standard deviations from the multi-year mean (46.47), with a YoY change of -39.71%.","{'current_observation': {'year': 2019, 'value': 31.53, 'anomaly_score': -0.232022}, 'historical_baseline': {'max': 57.67, 'min': 31.53, 'mean': 46.47, 'std_dev': 9.36, 'z_score': -1.6, 'available_years_count': 5}, 'trajectory_dynamics': {'yoy_growth_pct': -39.71, 'next_year_value': 50.596, 'prev_year_value': 52.297}}","FACTUAL EVIDENCE SUMMARY:
- Country: Central African Republic (CF), Region: None
- Indicator: Life expectancy at birth, total (years) [SP.DYN.LE00.IN]
- Target Year: 2019 | Recorded Value: 31.53
- Historical Multi-Year Mean: 46.47 (Std Dev: 9.36, Range: 31.53 - 57.67)
- Statistical Z-Score: -1.60 | Isolation Forest Anomaly Score: -0.2320
- YoY Growth Rate: with a YoY change of -39.71%
- Co-occurring Metrics: 3 contextual indicators captured for Central African Republic in 2019.","POTENTIAL CONTEXTUAL HYPOTHESES (INTERPRETATIVE ONLY):
1. Macroeconomic/Exogenous Shock: Sudden deviations often reflect macroeconomic volatility, regional crises, or trade disruptions during 2019.
2. Statistical Methodology or Base Re-estimation: Sovereign statistical offices periodically rebase national accounts or update census benchmarks, producing discrete level shifts.
3. Reporting or Currency Artifact: For dollar-denominated indicators, severe currency devaluations or exchange rate fluctuations can trigger sharp nominal contractions without matching real-term shifts.","CAUSALITY DISCLAIMER: This investigation is based on statistical anomaly detection (Isolation Forest) and empirical deviation from multi-year historical baselines. The model and analysis identify that this observation is statistically unusual; they DO NOT establish causality, policy attribution, or economic causation. Observational datasets are subject to reporting revisions, methodology changes, and unobserved confounding variables.",2026-09-27 13:17:25.516308+05:30,IsolationForest_WorldBank,v_test_suite,-0.232022,CF,Central African Republic,SP.DYN.LE00.IN,"Life expectancy at birth, total (years)",2019,31.5300,12,"Central African Republic 2019: Life expectancy at birth, total (years) Contraction (Z=-1.60)",HISTORICAL_DEVIATION
6,549,COMPLETED,"Statistically significant contraction detected in Central African Republic for 'Life expectancy at birth, total (years)' in 2019. Reported value 31.53 deviates by -1.60 standard deviations from the multi-year mean (46.47), with a YoY change of -39.71%.","{'current_observation': {'year': 2019, 'value': 31.53, 'anomaly_score': -0.232022}, 'historical_baseline': {'max': 57.67, 'min': 31.53, 'mean': 46.47, 'std_dev': 9.36, 'z_score': -1.6, 'available_years_count': 5}, 'trajectory_dynamics': {'yoy_growth_pct': -39.71, 'next_year_value': 50.596, 'prev_year_value': 52.297}}","FACTUAL EVIDENCE SUMMARY:
- Country: Central African Republic (CF), Region: None
- Indicator: Life expectancy at birth, total (years) [SP.DYN.LE00.IN]
- Target Year: 2019 | Recorded Value: 31.53
- Historical Multi-Year Mean: 46.47 (Std Dev: 9.36, Range: 31.53 - 57.67)
- Statistical Z-Score: -1.60 | Isolation Forest Anomaly Score: -0.2320
- YoY Growth Rate: with a YoY change of -39.71%
- Co-occurring Metrics: 3 contextual indicators captured for Central African Republic in 2019.","POTENTIAL CONTEXTUAL HYPOTHESES (INTERPRETATIVE ONLY):
1. Macroeconomic/Exogenous Shock: Sudden deviations often reflect macroeconomic volatility, regional crises, or trade disruptions during 2019.
2. Statistical Methodology or Base Re-estimation: Sovereign statistical offices periodically rebase national accounts or update census benchmarks, producing discrete level shifts.
3. Reporting or Currency Artifact: For dollar-denominated indicators, severe currency devaluations or exchange rate fluctuations can trigger sharp nominal contractions without matching real-term shifts.","CAUSALITY DISCLAIMER: This investigation is based on statistical anomaly detection (Isolation Forest) and empirical deviation from multi-year historical baselines. The model and analysis identify that this observation is statistically unusual; they DO NOT establish causality, policy attribution, or economic causation. Observational datasets are subject to reporting revisions, methodology changes, and unobserved confounding variables.",2026-09-27 13:17:25.516308+05:30,IsolationForest_WorldBank,v_test_suite,-0.232022,CF,Central African Republic,SP.DYN.LE00.IN,"Life expectancy at birth, total (years)",2019,31.5300,11,"Central African Republic 2019: Life expectancy at birth, total (years) Contraction (Z=-1.60)",HISTORICAL_DEVIATION
6,549,COMPLETED,"Statistically significant contraction detected in Central African Republic for 'Life expectancy at birth, total (years)' in 2019. Reported value 31.53 deviates by -1.60 standard deviations from the multi-year mean (46.47), with a YoY change of -39.71%.","{'current_observation': {'year': 2019, 'value': 31.53, 'anomaly_score': -0.232022}, 'historical_baseline': {'max': 57.67, 'min': 31.53, 'mean': 46.47, 'std_dev': 9.36, 'z_score': -1.6, 'available_years_count': 5}, 'trajectory_dynamics': {'yoy_growth_pct': -39.71, 'next_year_value': 50.596, 'prev_year_value': 52.297}}","FACTUAL EVIDENCE SUMMARY:
- Country: Central African Republic (CF), Region: None
- Indicator: Life expectancy at birth, total (years) [SP.DYN.LE00.IN]
- Target Year: 2019 | Recorded Value: 31.53
- Historical Multi-Year Mean: 46.47 (Std Dev: 9.36, Range: 31.53 - 57.67)
- Statistical Z-Score: -1.60 | Isolation Forest Anomaly Score: -0.2320
- YoY Growth Rate: with a YoY change of -39.71%
- Co-occurring Metrics: 3 contextual indicators captured for Central African Republic in 2019.","POTENTIAL CONTEXTUAL HYPOTHESES (INTERPRETATIVE ONLY):
1. Macroeconomic/Exogenous Shock: Sudden deviations often reflect macroeconomic volatility, regional crises, or trade disruptions during 2019.
2. Statistical Methodology or Base Re-estimation: Sovereign statistical offices periodically rebase national accounts or update census benchmarks, producing discrete level shifts.
3. Reporting or Currency Artifact: For dollar-denominated indicators, severe currency devaluations or exchange rate fluctuations can trigger sharp nominal contractions without matching real-term shifts.","CAUSALITY DISCLAIMER: This investigation is based on statistical anomaly detection (Isolation Forest) and empirical deviation from multi-year historical baselines. The model and analysis identify that this observation is statistically unusual; they DO NOT establish causality, policy attribution, or economic causation. Observational datasets are subject to reporting revisions, methodology changes, and unobserved confounding variables.",2026-09-27 13:17:25.516308+05:30,IsolationForest_WorldBank,v_test_suite,-0.232022,CF,Central African Republic,SP.DYN.LE00.IN,"Life expectancy at birth, total (years)",2019,31.5300,10,"Central African Republic 2019: Life expectancy at birth, total (years) Contraction (Z=-1.60)",HISTORICAL_DEVIATION
6,549,COMPLETED,"Statistically significant contraction detected in Central African Republic for 'Life expectancy at birth, total (years)' in 2019. Reported value 31.53 deviates by -1.60 standard deviations from the multi-year mean (46.47), with a YoY change of -39.71%.","{'current_observation': {'year': 2019, 'value': 31.53, 'anomaly_score': -0.232022}, 'historical_baseline': {'max': 57.67, 'min': 31.53, 'mean': 46.47, 'std_dev': 9.36, 'z_score': -1.6, 'available_years_count': 5}, 'trajectory_dynamics': {'yoy_growth_pct': -39.71, 'next_year_value': 50.596, 'prev_year_value': 52.297}}","FACTUAL EVIDENCE SUMMARY:
- Country: Central African Republic (CF), Region: None
- Indicator: Life expectancy at birth, total (years) [SP.DYN.LE00.IN]
- Target Year: 2019 | Recorded Value: 31.53
- Historical Multi-Year Mean: 46.47 (Std Dev: 9.36, Range: 31.53 - 57.67)
- Statistical Z-Score: -1.60 | Isolation Forest Anomaly Score: -0.2320
- YoY Growth Rate: with a YoY change of -39.71%
- Co-occurring Metrics: 3 contextual indicators captured for Central African Republic in 2019.","POTENTIAL CONTEXTUAL HYPOTHESES (INTERPRETATIVE ONLY):
1. Macroeconomic/Exogenous Shock: Sudden deviations often reflect macroeconomic volatility, regional crises, or trade disruptions during 2019.
2. Statistical Methodology or Base Re-estimation: Sovereign statistical offices periodically rebase national accounts or update census benchmarks, producing discrete level shifts.
3. Reporting or Currency Artifact: For dollar-denominated indicators, severe currency devaluations or exchange rate fluctuations can trigger sharp nominal contractions without matching real-term shifts.","CAUSALITY DISCLAIMER: This investigation is based on statistical anomaly detection (Isolation Forest) and empirical deviation from multi-year historical baselines. The model and analysis identify that this observation is statistically unusual; they DO NOT establish causality, policy attribution, or economic causation. Observational datasets are subject to reporting revisions, methodology changes, and unobserved confounding variables.",2026-09-27 13:17:25.516308+05:30,IsolationForest_WorldBank,v_test_suite,-0.232022,CF,Central African Republic,SP.DYN.LE00.IN,"Life expectancy at birth, total (years)",2019,31.5300,9,"Central African Republic 2019: Life expectancy at birth, total (years) Contraction (Z=-1.60)",HISTORICAL_DEVIATION
6,549,COMPLETED,"Statistically significant contraction detected in Central African Republic for 'Life expectancy at birth, total (years)' in 2019. Reported value 31.53 deviates by -1.60 standard deviations from the multi-year mean (46.47), with a YoY change of -39.71%.","{'current_observation': {'year': 2019, 'value': 31.53, 'anomaly_score': -0.232022}, 'historical_baseline': {'max': 57.67, 'min': 31.53, 'mean': 46.47, 'std_dev': 9.36, 'z_score': -1.6, 'available_years_count': 5}, 'trajectory_dynamics': {'yoy_growth_pct': -39.71, 'next_year_value': 50.596, 'prev_year_value': 52.297}}","FACTUAL EVIDENCE SUMMARY:
- Country: Central African Republic (CF), Region: None
- Indicator: Life expectancy at birth, total (years) [SP.DYN.LE00.IN]
- Target Year: 2019 | Recorded Value: 31.53
- Historical Multi-Year Mean: 46.47 (Std Dev: 9.36, Range: 31.53 - 57.67)
- Statistical Z-Score: -1.60 | Isolation Forest Anomaly Score: -0.2320
- YoY Growth Rate: with a YoY change of -39.71%
- Co-occurring Metrics: 3 contextual indicators captured for Central African Republic in 2019.","POTENTIAL CONTEXTUAL HYPOTHESES (INTERPRETATIVE ONLY):
1. Macroeconomic/Exogenous Shock: Sudden deviations often reflect macroeconomic volatility, regional crises, or trade disruptions during 2019.
2. Statistical Methodology or Base Re-estimation: Sovereign statistical offices periodically rebase national accounts or update census benchmarks, producing discrete level shifts.
3. Reporting or Currency Artifact: For dollar-denominated indicators, severe currency devaluations or exchange rate fluctuations can trigger sharp nominal contractions without matching real-term shifts.","CAUSALITY DISCLAIMER: This investigation is based on statistical anomaly detection (Isolation Forest) and empirical deviation from multi-year historical baselines. The model and analysis identify that this observation is statistically unusual; they DO NOT establish causality, policy attribution, or economic causation. Observational datasets are subject to reporting revisions, methodology changes, and unobserved confounding variables.",2026-09-27 13:17:25.516308+05:30,IsolationForest_WorldBank,v_test_suite,-0.232022,CF,Central African Republic,SP.DYN.LE00.IN,"Life expectancy at birth, total (years)",2019,31.5300,8,"Central African Republic 2019: Life expectancy at birth, total (years) Contraction (Z=-1.60)",HISTORICAL_DEVIATION
6,549,COMPLETED,"Statistically significant contraction detected in Central African Republic for 'Life expectancy at birth, total (years)' in 2019. Reported value 31.53 deviates by -1.60 standard deviations from the multi-year mean (46.47), with a YoY change of -39.71%.","{'current_observation': {'year': 2019, 'value': 31.53, 'anomaly_score': -0.232022}, 'historical_baseline': {'max': 57.67, 'min': 31.53, 'mean': 46.47, 'std_dev': 9.36, 'z_score': -1.6, 'available_years_count': 5}, 'trajectory_dynamics': {'yoy_growth_pct': -39.71, 'next_year_value': 50.596, 'prev_year_value': 52.297}}","FACTUAL EVIDENCE SUMMARY:
- Country: Central African Republic (CF), Region: None
- Indicator: Life expectancy at birth, total (years) [SP.DYN.LE00.IN]
- Target Year: 2019 | Recorded Value: 31.53
- Historical Multi-Year Mean: 46.47 (Std Dev: 9.36, Range: 31.53 - 57.67)
- Statistical Z-Score: -1.60 | Isolation Forest Anomaly Score: -0.2320
- YoY Growth Rate: with a YoY change of -39.71%
- Co-occurring Metrics: 3 contextual indicators captured for Central African Republic in 2019.","POTENTIAL CONTEXTUAL HYPOTHESES (INTERPRETATIVE ONLY):
1. Macroeconomic/Exogenous Shock: Sudden deviations often reflect macroeconomic volatility, regional crises, or trade disruptions during 2019.
2. Statistical Methodology or Base Re-estimation: Sovereign statistical offices periodically rebase national accounts or update census benchmarks, producing discrete level shifts.
3. Reporting or Currency Artifact: For dollar-denominated indicators, severe currency devaluations or exchange rate fluctuations can trigger sharp nominal contractions without matching real-term shifts.","CAUSALITY DISCLAIMER: This investigation is based on statistical anomaly detection (Isolation Forest) and empirical deviation from multi-year historical baselines. The model and analysis identify that this observation is statistically unusual; they DO NOT establish causality, policy attribution, or economic causation. Observational datasets are subject to reporting revisions, methodology changes, and unobserved confounding variables.",2026-09-27 13:17:25.516308+05:30,IsolationForest_WorldBank,v_test_suite,-0.232022,CF,Central African Republic,SP.DYN.LE00.IN,"Life expectancy at birth, total (years)",2019,31.5300,7,"Central African Republic 2019: Life expectancy at birth, total (years) Contraction (Z=-1.60)",HISTORICAL_DEVIATION
6,549,COMPLETED,"Statistically significant contraction detected in Central African Republic for 'Life expectancy at birth, total (years)' in 2019. Reported value 31.53 deviates by -1.60 standard deviations from the multi-year mean (46.47), with a YoY change of -39.71%.","{'current_observation': {'year': 2019, 'value': 31.53, 'anomaly_score': -0.232022}, 'historical_baseline': {'max': 57.67, 'min': 31.53, 'mean': 46.47, 'std_dev': 9.36, 'z_score': -1.6, 'available_years_count': 5}, 'trajectory_dynamics': {'yoy_growth_pct': -39.71, 'next_year_value': 50.596, 'prev_year_value': 52.297}}","FACTUAL EVIDENCE SUMMARY:
- Country: Central African Republic (CF), Region: None
- Indicator: Life expectancy at birth, total (years) [SP.DYN.LE00.IN]
- Target Year: 2019 | Recorded Value: 31.53
- Historical Multi-Year Mean: 46.47 (Std Dev: 9.36, Range: 31.53 - 57.67)
- Statistical Z-Score: -1.60 | Isolation Forest Anomaly Score: -0.2320
- YoY Growth Rate: with a YoY change of -39.71%
- Co-occurring Metrics: 3 contextual indicators captured for Central African Republic in 2019.","POTENTIAL CONTEXTUAL HYPOTHESES (INTERPRETATIVE ONLY):
1. Macroeconomic/Exogenous Shock: Sudden deviations often reflect macroeconomic volatility, regional crises, or trade disruptions during 2019.
2. Statistical Methodology or Base Re-estimation: Sovereign statistical offices periodically rebase national accounts or update census benchmarks, producing discrete level shifts.
3. Reporting or Currency Artifact: For dollar-denominated indicators, severe currency devaluations or exchange rate fluctuations can trigger sharp nominal contractions without matching real-term shifts.","CAUSALITY DISCLAIMER: This investigation is based on statistical anomaly detection (Isolation Forest) and empirical deviation from multi-year historical baselines. The model and analysis identify that this observation is statistically unusual; they DO NOT establish causality, policy attribution, or economic causation. Observational datasets are subject to reporting revisions, methodology changes, and unobserved confounding variables.",2026-09-27 13:17:25.516308+05:30,IsolationForest_WorldBank,v_test_suite,-0.232022,CF,Central African Republic,SP.DYN.LE00.IN,"Life expectancy at birth, total (years)",2019,31.5300,6,"Central African Republic 2019: Life expectancy at birth, total (years) Contraction (Z=-1.60)",HISTORICAL_DEVIATION
