run_id,source_name,endpoint_url,run_type,run_status,started_at,completed_at,duration_seconds,total_records,records_inserted,records_updated,records_quarantined,error_message
1,world_bank,http://api.worldbank.org/v2/country/all/indicator/NY.GDP.PCAP.CD,SCHEDULED,COMPLETED,2026-09-26 22:42:02.261805+05:30,2026-09-26 22:42:05.796580+05:30,3.534775,1060,1030,0,30,
2,world_bank,http://api.worldbank.org/v2/country/all/indicator/SP.POP.TOTL,SCHEDULED,COMPLETED,2026-09-26 22:42:05.797247+05:30,2026-09-26 22:42:08.376971+05:30,2.579724,1060,1056,0,4,
3,world_bank,http://api.worldbank.org/v2/country/all/indicator/SP.DYN.LE00.IN,SCHEDULED,COMPLETED,2026-09-26 22:42:08.377655+05:30,2026-09-26 22:42:20.178695+05:30,11.801040,1060,1056,0,4,
4,world_bank,http://api.worldbank.org/v2/country/all/indicator/SH.H2O.BASW.ZS,SCHEDULED,COMPLETED,2026-09-26 22:42:20.179520+05:30,2026-09-26 22:42:45.482105+05:30,25.302585,1060,1010,0,50,
5,world_bank,http://api.worldbank.org/v2/country/all/indicator/NY.GDP.PCAP.CD,SCHEDULED,COMPLETED,2026-09-26 22:43:18.413546+05:30,2026-09-26 22:43:19.974549+05:30,1.561003,1060,1030,0,30,
6,world_bank,http://api.worldbank.org/v2/country/all/indicator/NY.GDP.PCAP.CD,SCHEDULED,COMPLETED,2026-09-26 22:44:47.442628+05:30,2026-09-26 22:44:47.449504+05:30,0.006876,4,4,0,0,
7,world_bank,http://api.worldbank.org/v2/country/all/indicator/NY.GDP.PCAP.CD,SCHEDULED,COMPLETED,2026-09-26 22:45:04.547394+05:30,2026-09-26 22:45:04.553738+05:30,0.006344,4,4,0,0,
8,world_bank,http://api.worldbank.org/v2/country/all/indicator/NY.GDP.PCAP.CD,SCHEDULED,COMPLETED,2026-09-26 22:46:01.163726+05:30,2026-09-26 22:46:01.169301+05:30,0.005575,4,4,0,0,
9,world_bank,http://api.worldbank.org/v2/country/all/indicator/NY.GDP.PCAP.CD,SCHEDULED,FAILED,2026-09-26 22:49:02.638233+05:30,2026-09-26 22:49:07.230183+05:30,4.59,500,0,0,40,This result object does not return rows. It has been closed automatically.
10,world_bank,http://api.worldbank.org/v2/country/all/indicator/NY.GDP.PCAP.CD,SCHEDULED,COMPLETED,2026-09-26 22:49:51.404034+05:30,2026-09-26 22:49:52.780325+05:30,1.38,500,455,0,45,
11,world_bank,http://api.worldbank.org/v2/country/all/indicator/SP.POP.TOTL,SCHEDULED,COMPLETED,2026-09-26 22:49:52.780823+05:30,2026-09-26 22:50:25.556365+05:30,32.78,500,498,0,2,
12,world_bank,http://api.worldbank.org/v2/country/all/indicator/SP.DYN.LE00.IN,SCHEDULED,COMPLETED,2026-09-26 22:50:25.557231+05:30,2026-09-26 22:50:27.223608+05:30,1.67,500,249,0,251,
13,world_bank,http://api.worldbank.org/v2/country/all/indicator/SH.H2O.BASW.ZS,SCHEDULED,COMPLETED,2026-09-26 22:50:27.224284+05:30,2026-09-26 22:50:28.476977+05:30,1.25,500,234,0,266,
14,world_bank,http://api.worldbank.org/v2/country/all/indicator/NY.GDP.PCAP.CD,SCHEDULED,COMPLETED,2026-09-26 22:50:55.680009+05:30,2026-09-26 22:50:55.687175+05:30,0.01,4,0,4,0,
15,world_bank,http://api.worldbank.org/v2/country/all/indicator/NY.GDP.PCAP.CD,SCHEDULED,COMPLETED,2026-09-26 22:50:55.729259+05:30,2026-09-26 22:50:55.732795+05:30,0.00,2,0,2,0,
16,world_bank,http://api.worldbank.org/v2/country/all/indicator/NY.GDP.PCAP.CD,SCHEDULED,COMPLETED,2026-09-26 22:50:55.733215+05:30,2026-09-26 22:50:55.736381+05:30,0.00,2,0,2,0,
17,world_bank,http://api.worldbank.org/v2/country/all/indicator/NY.GDP.PCAP.CD,SCHEDULED,COMPLETED,2026-09-26 22:51:11.029538+05:30,2026-09-26 22:51:11.041377+05:30,0.01,4,0,4,0,
18,world_bank,http://api.worldbank.org/v2/country/all/indicator/NY.GDP.PCAP.CD,SCHEDULED,COMPLETED,2026-09-26 22:51:11.058751+05:30,2026-09-26 22:51:11.062549+05:30,0.00,2,0,2,0,
19,world_bank,http://api.worldbank.org/v2/country/all/indicator/NY.GDP.PCAP.CD,SCHEDULED,COMPLETED,2026-09-26 22:51:11.063114+05:30,2026-09-26 22:51:11.065867+05:30,0.00,2,0,2,0,
20,world_bank,http://api.worldbank.org/v2/country/all/indicator/NY.GDP.PCAP.CD,SCHEDULED,COMPLETED,2026-09-26 22:51:40.218953+05:30,2026-09-26 22:51:40.228973+05:30,0.01,4,0,4,0,
21,world_bank,http://api.worldbank.org/v2/country/all/indicator/NY.GDP.PCAP.CD,SCHEDULED,COMPLETED,2026-09-26 22:51:40.241468+05:30,2026-09-26 22:51:40.244052+05:30,0.00,2,0,2,0,
22,world_bank,http://api.worldbank.org/v2/country/all/indicator/NY.GDP.PCAP.CD,SCHEDULED,COMPLETED,2026-09-26 22:51:40.244695+05:30,2026-09-26 22:51:40.247663+05:30,0.00,2,0,2,0,
23,world_bank,http://api.worldbank.org/v2/country/all/indicator/NY.GDP.PCAP.CD,SCHEDULED,COMPLETED,2026-09-26 22:52:36.180045+05:30,2026-09-26 22:52:36.194090+05:30,0.01,4,0,4,0,
24,world_bank,http://api.worldbank.org/v2/country/all/indicator/NY.GDP.PCAP.CD,SCHEDULED,COMPLETED,2026-09-26 22:52:36.214437+05:30,2026-09-26 22:52:36.217063+05:30,0.00,2,0,2,0,
25,world_bank,http://api.worldbank.org/v2/country/all/indicator/NY.GDP.PCAP.CD,SCHEDULED,COMPLETED,2026-09-26 22:52:36.217923+05:30,2026-09-26 22:52:36.220881+05:30,0.00,2,0,2,0,
26,world_bank,http://api.worldbank.org/v2/country/all/indicator/NY.GDP.PCAP.CD,SCHEDULED,COMPLETED,2026-09-26 23:05:05.018690+05:30,2026-09-26 23:05:05.027014+05:30,0.01,4,0,4,0,
27,world_bank,http://api.worldbank.org/v2/country/all/indicator/NY.GDP.PCAP.CD,SCHEDULED,COMPLETED,2026-09-26 23:05:05.040181+05:30,2026-09-26 23:05:05.042967+05:30,0.00,2,0,2,0,
28,world_bank,http://api.worldbank.org/v2/country/all/indicator/NY.GDP.PCAP.CD,SCHEDULED,COMPLETED,2026-09-26 23:05:05.043550+05:30,2026-09-26 23:05:05.046323+05:30,0.00,2,0,2,0,
29,world_bank,http://api.worldbank.org/v2/country/all/indicator/NY.GDP.PCAP.CD,SCHEDULED,COMPLETED,2026-09-26 23:05:36.365852+05:30,2026-09-26 23:05:36.369086+05:30,0.00,4,0,4,0,
59,world_bank,http://api.worldbank.org/v2/country/all/indicator/NY.GDP.PCAP.CD,SCHEDULED,COMPLETED,2026-09-27 13:02:41.815065+05:30,2026-09-27 13:02:41.819010+05:30,0.00,4,0,4,0,
30,world_bank,http://api.worldbank.org/v2/country/all/indicator/NY.GDP.PCAP.CD,SCHEDULED,COMPLETED,2026-09-26 23:05:36.377250+05:30,2026-09-26 23:05:36.378661+05:30,0.00,2,0,2,0,
31,world_bank,http://api.worldbank.org/v2/country/all/indicator/NY.GDP.PCAP.CD,SCHEDULED,COMPLETED,2026-09-26 23:05:36.378928+05:30,2026-09-26 23:05:36.380282+05:30,0.00,2,0,2,0,
32,world_bank,http://api.worldbank.org/v2/country/all/indicator/NY.GDP.PCAP.CD,SCHEDULED,COMPLETED,2026-09-26 23:09:51.698520+05:30,2026-09-26 23:09:51.702969+05:30,0.00,4,0,4,0,
33,world_bank,http://api.worldbank.org/v2/country/all/indicator/NY.GDP.PCAP.CD,SCHEDULED,COMPLETED,2026-09-26 23:09:51.710922+05:30,2026-09-26 23:09:51.712446+05:30,0.00,2,0,2,0,
34,world_bank,http://api.worldbank.org/v2/country/all/indicator/NY.GDP.PCAP.CD,SCHEDULED,COMPLETED,2026-09-26 23:09:51.712726+05:30,2026-09-26 23:09:51.714141+05:30,0.00,2,0,2,0,
35,world_bank,http://api.worldbank.org/v2/country/all/indicator/NY.GDP.PCAP.CD,SCHEDULED,COMPLETED,2026-09-26 23:14:12.075492+05:30,2026-09-26 23:14:12.080851+05:30,0.01,4,0,4,0,
36,world_bank,http://api.worldbank.org/v2/country/all/indicator/NY.GDP.PCAP.CD,SCHEDULED,COMPLETED,2026-09-26 23:14:12.090807+05:30,2026-09-26 23:14:12.093286+05:30,0.00,2,0,2,0,
37,world_bank,http://api.worldbank.org/v2/country/all/indicator/NY.GDP.PCAP.CD,SCHEDULED,COMPLETED,2026-09-26 23:14:12.093762+05:30,2026-09-26 23:14:12.095702+05:30,0.00,2,0,2,0,
38,world_bank,http://api.worldbank.org/v2/country/all/indicator/NY.GDP.PCAP.CD,SCHEDULED,COMPLETED,2026-09-26 23:27:49.849510+05:30,2026-09-26 23:27:49.852799+05:30,0.00,4,0,4,0,
39,world_bank,http://api.worldbank.org/v2/country/all/indicator/NY.GDP.PCAP.CD,SCHEDULED,COMPLETED,2026-09-26 23:27:49.861258+05:30,2026-09-26 23:27:49.862734+05:30,0.00,2,0,2,0,
40,world_bank,http://api.worldbank.org/v2/country/all/indicator/NY.GDP.PCAP.CD,SCHEDULED,COMPLETED,2026-09-26 23:27:49.862921+05:30,2026-09-26 23:27:49.863925+05:30,0.00,2,0,2,0,
41,world_bank,http://api.worldbank.org/v2/country/all/indicator/NY.GDP.PCAP.CD,SCHEDULED,COMPLETED,2026-09-26 23:31:43.935980+05:30,2026-09-26 23:31:43.939743+05:30,0.00,4,0,4,0,
42,world_bank,http://api.worldbank.org/v2/country/all/indicator/NY.GDP.PCAP.CD,SCHEDULED,COMPLETED,2026-09-26 23:31:43.946889+05:30,2026-09-26 23:31:43.948029+05:30,0.00,2,0,2,0,
43,world_bank,http://api.worldbank.org/v2/country/all/indicator/NY.GDP.PCAP.CD,SCHEDULED,COMPLETED,2026-09-26 23:31:43.948204+05:30,2026-09-26 23:31:43.949144+05:30,0.00,2,0,2,0,
44,world_bank,http://api.worldbank.org/v2/country/all/indicator/NY.GDP.PCAP.CD,SCHEDULED,COMPLETED,2026-09-27 00:01:06.281545+05:30,2026-09-27 00:01:06.285825+05:30,0.00,4,0,4,0,
45,world_bank,http://api.worldbank.org/v2/country/all/indicator/NY.GDP.PCAP.CD,SCHEDULED,COMPLETED,2026-09-27 00:01:06.296360+05:30,2026-09-27 00:01:06.297680+05:30,0.00,2,0,2,0,
46,world_bank,http://api.worldbank.org/v2/country/all/indicator/NY.GDP.PCAP.CD,SCHEDULED,COMPLETED,2026-09-27 00:01:06.297953+05:30,2026-09-27 00:01:06.299002+05:30,0.00,2,0,2,0,
47,world_bank,http://api.worldbank.org/v2/country/all/indicator/NY.GDP.PCAP.CD,SCHEDULED,COMPLETED,2026-09-27 00:05:13.112354+05:30,2026-09-27 00:05:13.118989+05:30,0.01,4,0,4,0,
48,world_bank,http://api.worldbank.org/v2/country/all/indicator/NY.GDP.PCAP.CD,SCHEDULED,COMPLETED,2026-09-27 00:05:13.131094+05:30,2026-09-27 00:05:13.133223+05:30,0.00,2,0,2,0,
49,world_bank,http://api.worldbank.org/v2/country/all/indicator/NY.GDP.PCAP.CD,SCHEDULED,COMPLETED,2026-09-27 00:05:13.133548+05:30,2026-09-27 00:05:13.135362+05:30,0.00,2,0,2,0,
50,world_bank,http://api.worldbank.org/v2/country/all/indicator/NY.GDP.PCAP.CD,SCHEDULED,COMPLETED,2026-09-27 00:08:28.293475+05:30,2026-09-27 00:08:28.297185+05:30,0.00,4,0,4,0,
51,world_bank,http://api.worldbank.org/v2/country/all/indicator/NY.GDP.PCAP.CD,SCHEDULED,COMPLETED,2026-09-27 00:08:28.307833+05:30,2026-09-27 00:08:28.309339+05:30,0.00,2,0,2,0,
52,world_bank,http://api.worldbank.org/v2/country/all/indicator/NY.GDP.PCAP.CD,SCHEDULED,COMPLETED,2026-09-27 00:08:28.309608+05:30,2026-09-27 00:08:28.310813+05:30,0.00,2,0,2,0,
53,world_bank,http://api.worldbank.org/v2/country/all/indicator/NY.GDP.PCAP.CD,SCHEDULED,COMPLETED,2026-09-27 00:31:23.559879+05:30,2026-09-27 00:31:23.563173+05:30,0.00,4,0,4,0,
54,world_bank,http://api.worldbank.org/v2/country/all/indicator/NY.GDP.PCAP.CD,SCHEDULED,COMPLETED,2026-09-27 00:31:23.572755+05:30,2026-09-27 00:31:23.575013+05:30,0.00,2,0,2,0,
55,world_bank,http://api.worldbank.org/v2/country/all/indicator/NY.GDP.PCAP.CD,SCHEDULED,COMPLETED,2026-09-27 00:31:23.575301+05:30,2026-09-27 00:31:23.577125+05:30,0.00,2,0,2,0,
56,world_bank,http://api.worldbank.org/v2/country/all/indicator/NY.GDP.PCAP.CD,SCHEDULED,COMPLETED,2026-09-27 12:59:59.627536+05:30,2026-09-27 12:59:59.634506+05:30,0.01,4,0,4,0,
57,world_bank,http://api.worldbank.org/v2/country/all/indicator/NY.GDP.PCAP.CD,SCHEDULED,COMPLETED,2026-09-27 12:59:59.645234+05:30,2026-09-27 12:59:59.647352+05:30,0.00,2,0,2,0,
58,world_bank,http://api.worldbank.org/v2/country/all/indicator/NY.GDP.PCAP.CD,SCHEDULED,COMPLETED,2026-09-27 12:59:59.647761+05:30,2026-09-27 12:59:59.649448+05:30,0.00,2,0,2,0,
60,world_bank,http://api.worldbank.org/v2/country/all/indicator/NY.GDP.PCAP.CD,SCHEDULED,COMPLETED,2026-09-27 13:02:41.827181+05:30,2026-09-27 13:02:41.828982+05:30,0.00,2,0,2,0,
61,world_bank,http://api.worldbank.org/v2/country/all/indicator/NY.GDP.PCAP.CD,SCHEDULED,COMPLETED,2026-09-27 13:02:41.829552+05:30,2026-09-27 13:02:41.831172+05:30,0.00,2,0,2,0,
62,world_bank,http://api.worldbank.org/v2/country/all/indicator/NY.GDP.PCAP.CD,SCHEDULED,COMPLETED,2026-09-27 13:09:42.438845+05:30,2026-09-27 13:09:42.444284+05:30,0.01,4,0,4,0,
63,world_bank,http://api.worldbank.org/v2/country/all/indicator/NY.GDP.PCAP.CD,SCHEDULED,COMPLETED,2026-09-27 13:09:42.462917+05:30,2026-09-27 13:09:42.486063+05:30,0.02,2,0,2,0,
64,world_bank,http://api.worldbank.org/v2/country/all/indicator/NY.GDP.PCAP.CD,SCHEDULED,COMPLETED,2026-09-27 13:09:42.486544+05:30,2026-09-27 13:09:42.488791+05:30,0.00,2,0,2,0,
65,world_bank,http://api.worldbank.org/v2/country/all/indicator/NY.GDP.PCAP.CD,SCHEDULED,COMPLETED,2026-09-27 13:17:25.566948+05:30,2026-09-27 13:17:25.571134+05:30,0.00,4,0,4,0,
66,world_bank,http://api.worldbank.org/v2/country/all/indicator/NY.GDP.PCAP.CD,SCHEDULED,COMPLETED,2026-09-27 13:17:25.581671+05:30,2026-09-27 13:17:25.583572+05:30,0.00,2,0,2,0,
67,world_bank,http://api.worldbank.org/v2/country/all/indicator/NY.GDP.PCAP.CD,SCHEDULED,COMPLETED,2026-09-27 13:17:25.583978+05:30,2026-09-27 13:17:25.585641+05:30,0.00,2,0,2,0,
