attendance_id,source_record_id,beneficiary_id,program_id,session_date,attendance_status,session_hours
ATT-0001,1,BEN-041,PRG-001,2024-02-01,Present,2.0
ATT-0002,2,BEN-017,PRG-001,2024-02-01,Present,2.5
ATT-0003,3,BEN-011,PRG-001,2024-02-01,Present,0.0
ATT-0004,4,BEN-029,PRG-001,2024-02-01,Present,2.5
ATT-0005,5,BEN-036,PRG-001,2024-02-01,Present,3.0
ATT-0006,6,BEN-023,PRG-002,2024-02-01,Present,3.0
ATT-0007,7,BEN-014,PRG-002,2024-02-01,Present,0.0
ATT-0008,8,BEN-044,PRG-002,2024-02-01,Present,2.5
ATT-0009,9,BEN-016,PRG-002,2024-02-01,Present,2.0
ATT-0010,10,BEN-012,PRG-003,2024-02-01,Present,3.0
ATT-0011,11,BEN-022,PRG-003,2024-02-01,Present,2.0
ATT-0012,12,BEN-027,PRG-003,2024-02-01,Present,2.5
ATT-0013,13,BEN-043,PRG-003,2024-02-01,Present,3.0
ATT-0014,14,BEN-015,PRG-004,2024-02-01,Present,3.0
ATT-0015,15,BEN-044,PRG-004,2024-02-01,Present,2.0
ATT-0016,16,BEN-002,PRG-004,2024-02-01,Present,3.0
ATT-0017,17,BEN-013,PRG-004,2024-02-01,Present,3.0
ATT-0018,18,BEN-026,PRG-004,2024-02-01,Present,3.0
ATT-0019,19,BEN-022,PRG-004,2024-02-01,Present,0.0
ATT-0020,20,BEN-023,PRG-005,2024-02-01,Present,3.0
ATT-0021,21,BEN-021,PRG-005,2024-02-01,Present,2.0
ATT-0022,22,BEN-028,PRG-005,2024-02-01,Present,2.5
ATT-0023,23,BEN-039,PRG-005,2024-02-01,Present,2.0
ATT-0024,24,BEN-033,PRG-005,2024-02-01,Present,0.0
ATT-0025,25,BEN-008,PRG-005,2024-02-01,Present,3.0
ATT-0026,26,BEN-025,PRG-005,2024-02-01,Present,2.0
ATT-0027,27,BEN-026,PRG-001,2024-02-04,Present,0.0
ATT-0028,28,BEN-019,PRG-001,2024-02-04,Present,0.0
ATT-0029,29,BEN-036,PRG-001,2024-02-04,Present,3.0
ATT-0030,30,BEN-009,PRG-001,2024-02-04,Present,0.0
ATT-0031,31,BEN-013,PRG-001,2024-02-04,Present,2.0
ATT-0032,32,BEN-027,PRG-001,2024-02-04,Present,0.0
ATT-0033,33,BEN-011,PRG-002,2024-02-04,Present,2.5
ATT-0034,34,BEN-043,PRG-002,2024-02-04,Present,2.0
ATT-0035,35,BEN-006,PRG-002,2024-02-04,Present,2.0
ATT-0036,36,BEN-019,PRG-002,2024-02-04,Present,2.0
ATT-0037,37,BEN-033,PRG-002,2024-02-04,Present,2.5
ATT-0038,38,BEN-022,PRG-002,2024-02-04,Present,2.0
ATT-0039,39,BEN-042,PRG-002,2024-02-04,Present,2.5
ATT-0040,40,BEN-007,PRG-003,2024-02-04,Present,2.0
ATT-0041,41,BEN-028,PRG-003,2024-02-04,Present,2.5
ATT-0042,42,BEN-015,PRG-003,2024-02-04,Present,2.5
ATT-0043,43,BEN-012,PRG-003,2024-02-04,Present,0.0
ATT-0044,44,BEN-021,PRG-004,2024-02-04,Present,2.0
ATT-0045,45,BEN-029,PRG-004,2024-02-04,Present,3.0
ATT-0046,46,BEN-040,PRG-004,2024-02-04,Present,2.5
ATT-0047,47,BEN-033,PRG-004,2024-02-04,Present,2.0
ATT-0048,48,BEN-028,PRG-004,2024-02-04,Present,2.5
ATT-0049,49,BEN-036,PRG-004,2024-02-04,Present,3.0
ATT-0050,50,BEN-043,PRG-004,2024-02-04,Present,2.5
ATT-0051,51,BEN-011,PRG-004,2024-02-04,Present,2.0
ATT-0052,52,BEN-014,PRG-005,2024-02-04,Present,2.0
ATT-0053,53,BEN-005,PRG-005,2024-02-04,Present,2.0
ATT-0054,54,BEN-027,PRG-005,2024-02-04,Present,0.0
ATT-0055,55,BEN-022,PRG-005,2024-02-04,Present,2.0
ATT-0056,56,BEN-035,PRG-005,2024-02-04,Present,2.0
ATT-0057,57,BEN-035,PRG-001,2024-02-07,Present,2.0
ATT-0058,58,BEN-044,PRG-001,2024-02-07,Present,2.0
ATT-0059,59,BEN-039,PRG-001,2024-02-07,Present,2.5
ATT-0060,60,BEN-015,PRG-001,2024-02-07,Present,0.0
ATT-0061,61,BEN-032,PRG-001,2024-02-07,Present,2.0
ATT-0062,62,BEN-041,PRG-001,2024-02-07,Present,2.5
ATT-0063,63,BEN-018,PRG-001,2024-02-07,Present,2.0
ATT-0064,64,BEN-014,PRG-002,2024-02-07,Present,2.0
ATT-0065,65,BEN-030,PRG-002,2024-02-07,Present,0.0
ATT-0066,66,BEN-021,PRG-002,2024-02-07,Present,2.5
ATT-0067,67,BEN-022,PRG-002,2024-02-07,Present,2.0
ATT-0068,68,BEN-025,PRG-002,2024-02-07,Present,2.5
ATT-0069,69,BEN-018,PRG-002,2024-02-07,Present,2.5
ATT-0070,70,BEN-009,PRG-003,2024-02-07,Present,3.0
ATT-0071,71,BEN-031,PRG-003,2024-02-07,Present,0.0
ATT-0072,72,BEN-043,PRG-003,2024-02-07,Present,2.5
ATT-0073,73,BEN-008,PRG-003,2024-02-07,Present,0.0
ATT-0074,74,BEN-037,PRG-003,2024-02-07,Present,0.0
ATT-0075,75,BEN-026,PRG-004,2024-02-07,Present,2.0
ATT-0076,76,BEN-013,PRG-004,2024-02-07,Present,3.0
ATT-0077,77,BEN-005,PRG-004,2024-02-07,Present,3.0
ATT-0078,78,BEN-038,PRG-004,2024-02-07,Present,3.0
ATT-0079,79,BEN-016,PRG-004,2024-02-07,Present,2.0
ATT-0080,80,BEN-007,PRG-004,2024-02-07,Present,3.0
ATT-0081,81,BEN-020,PRG-004,2024-02-07,Present,2.5
ATT-0082,82,BEN-012,PRG-005,2024-02-07,Present,0.0
ATT-0083,83,BEN-034,PRG-005,2024-02-07,Present,2.5
ATT-0084,84,BEN-042,PRG-005,2024-02-07,Present,2.0
ATT-0085,85,BEN-018,PRG-005,2024-02-07,Present,0.0
ATT-0086,86,BEN-040,PRG-005,2024-02-07,Present,3.0
ATT-0087,87,BEN-035,PRG-005,2024-02-07,Present,3.0
ATT-0088,88,BEN-031,PRG-005,2024-02-07,Present,2.5
ATT-0089,89,BEN-017,PRG-001,2024-02-10,Present,2.5
ATT-0090,90,BEN-022,PRG-001,2024-02-10,Present,2.0
ATT-0091,91,BEN-018,PRG-001,2024-02-10,Present,2.5
ATT-0092,92,BEN-039,PRG-001,2024-02-10,Present,2.0
ATT-0093,93,BEN-042,PRG-001,2024-02-10,Present,3.0
ATT-0094,94,BEN-036,PRG-001,2024-02-10,Present,2.5
ATT-0095,95,BEN-043,PRG-002,2024-02-10,Present,0.0
ATT-0096,96,BEN-038,PRG-002,2024-02-10,Present,2.0
ATT-0097,97,BEN-024,PRG-002,2024-02-10,Present,3.0
ATT-0098,98,BEN-031,PRG-002,2024-02-10,Present,2.5
ATT-0099,99,BEN-036,PRG-002,2024-02-10,Present,0.0
ATT-0100,100,BEN-034,PRG-002,2024-02-10,Present,2.5
ATT-0101,101,BEN-031,PRG-003,2024-02-10,Present,2.5
ATT-0102,102,BEN-018,PRG-003,2024-02-10,Present,3.0
ATT-0103,103,BEN-038,PRG-003,2024-02-10,Present,2.0
ATT-0104,104,BEN-034,PRG-003,2024-02-10,Present,2.5
ATT-0105,105,BEN-039,PRG-003,2024-02-10,Present,2.0
ATT-0106,106,BEN-019,PRG-004,2024-02-10,Present,2.0
ATT-0107,107,BEN-009,PRG-004,2024-02-10,Present,2.0
ATT-0108,108,BEN-041,PRG-004,2024-02-10,Present,2.0
ATT-0109,109,BEN-032,PRG-004,2024-02-10,Present,2.0
ATT-0110,110,BEN-007,PRG-004,2024-02-10,Present,2.0
ATT-0111,111,BEN-001,PRG-004,2024-02-10,Present,0.0
ATT-0112,112,BEN-037,PRG-004,2024-02-10,Present,2.5
ATT-0113,113,BEN-044,PRG-004,2024-02-10,Present,2.0
ATT-0114,114,BEN-039,PRG-005,2024-02-10,Present,3.0
ATT-0115,115,BEN-040,PRG-005,2024-02-10,Present,2.0
ATT-0116,116,BEN-015,PRG-005,2024-02-10,Present,2.5
ATT-0117,117,BEN-034,PRG-005,2024-02-10,Present,3.0
ATT-0118,118,BEN-025,PRG-005,2024-02-10,Present,2.5
ATT-0119,119,BEN-029,PRG-005,2024-02-10,Present,0.0
ATT-0120,120,BEN-044,PRG-005,2024-02-10,Present,2.0
ATT-0121,121,BEN-020,PRG-005,2024-02-10,Present,0.0
ATT-0122,122,BEN-019,PRG-001,2024-02-13,Present,0.0
ATT-0123,123,BEN-003,PRG-001,2024-02-13,Present,2.0
ATT-0124,124,BEN-015,PRG-001,2024-02-13,Present,3.0
ATT-0125,125,BEN-044,PRG-001,2024-02-13,Present,2.0
ATT-0126,126,BEN-041,PRG-001,2024-02-13,Present,0.0
ATT-0127,127,BEN-030,PRG-001,2024-02-13,Present,2.0
ATT-0128,128,BEN-005,PRG-001,2024-02-13,Present,2.0
ATT-0129,129,BEN-033,PRG-002,2024-02-13,Present,3.0
ATT-0130,130,BEN-035,PRG-002,2024-02-13,Present,2.0
ATT-0131,131,BEN-032,PRG-002,2024-02-13,Present,0.0
ATT-0132,132,BEN-029,PRG-002,2024-02-13,Present,3.0
ATT-0133,133,BEN-006,PRG-002,2024-02-13,Present,2.5
ATT-0134,134,BEN-039,PRG-002,2024-02-13,Present,2.0
ATT-0135,135,BEN-012,PRG-003,2024-02-13,Present,2.0
ATT-0136,136,BEN-038,PRG-003,2024-02-13,Present,2.0
ATT-0137,137,BEN-028,PRG-003,2024-02-13,Present,2.0
ATT-0138,138,BEN-041,PRG-003,2024-02-13,Present,3.0
ATT-0139,139,BEN-032,PRG-003,2024-02-13,Present,0.0
ATT-0140,140,BEN-006,PRG-003,2024-02-13,Present,2.0
ATT-0141,141,BEN-017,PRG-004,2024-02-13,Present,2.0
ATT-0142,142,BEN-021,PRG-004,2024-02-13,Present,2.5
ATT-0143,143,BEN-008,PRG-004,2024-02-13,Present,0.0
ATT-0144,144,BEN-026,PRG-004,2024-02-13,Present,2.0
ATT-0145,145,BEN-033,PRG-004,2024-02-13,Present,0.0
ATT-0146,146,BEN-001,PRG-004,2024-02-13,Present,2.0
ATT-0147,147,BEN-008,PRG-005,2024-02-13,Present,0.0
ATT-0148,148,BEN-002,PRG-005,2024-02-13,Present,2.5
ATT-0149,149,BEN-041,PRG-005,2024-02-13,Present,2.0
ATT-0150,150,BEN-039,PRG-005,2024-02-13,Present,2.0
ATT-0151,151,BEN-016,PRG-005,2024-02-13,Present,0.0
ATT-0152,152,BEN-011,PRG-005,2024-02-13,Present,2.0
ATT-0153,153,BEN-020,PRG-005,2024-02-13,Present,2.5
ATT-0154,154,BEN-036,PRG-001,2024-02-16,Present,2.0
ATT-0155,155,BEN-010,PRG-001,2024-02-16,Present,3.0
ATT-0156,156,BEN-025,PRG-001,2024-02-16,Present,3.0
ATT-0157,157,BEN-013,PRG-001,2024-02-16,Present,2.0
ATT-0158,158,BEN-039,PRG-001,2024-02-16,Present,3.0
ATT-0159,159,BEN-033,PRG-001,2024-02-16,Present,3.0
ATT-0160,160,BEN-009,PRG-001,2024-02-16,Present,0.0
ATT-0161,161,BEN-015,PRG-002,2024-02-16,Present,2.0
ATT-0162,162,BEN-027,PRG-002,2024-02-16,Present,0.0
ATT-0163,163,BEN-003,PRG-002,2024-02-16,Present,2.0
ATT-0164,164,BEN-021,PRG-002,2024-02-16,Present,0.0
ATT-0165,165,BEN-031,PRG-002,2024-02-16,Present,2.5
ATT-0166,166,BEN-025,PRG-002,2024-02-16,Present,2.0
ATT-0167,167,BEN-039,PRG-002,2024-02-16,Present,3.0
ATT-0168,168,BEN-026,PRG-003,2024-02-16,Present,0.0
ATT-0169,169,BEN-042,PRG-003,2024-02-16,Present,3.0
ATT-0170,170,BEN-006,PRG-003,2024-02-16,Present,2.0
ATT-0171,171,BEN-022,PRG-003,2024-02-16,Present,2.0
ATT-0172,172,BEN-035,PRG-003,2024-02-16,Present,2.0
ATT-0173,173,BEN-025,PRG-003,2024-02-16,Present,2.0
ATT-0174,174,BEN-021,PRG-003,2024-02-16,Present,3.0
ATT-0175,175,BEN-032,PRG-003,2024-02-16,Present,2.5
ATT-0176,176,BEN-027,PRG-004,2024-02-16,Present,2.5
ATT-0177,177,BEN-037,PRG-004,2024-02-16,Present,3.0
ATT-0178,178,BEN-012,PRG-004,2024-02-16,Present,2.0
ATT-0179,179,BEN-011,PRG-004,2024-02-16,Present,0.0
ATT-0180,180,BEN-042,PRG-004,2024-02-16,Present,2.0
ATT-0181,181,BEN-006,PRG-004,2024-02-16,Present,3.0
ATT-0182,182,BEN-025,PRG-004,2024-02-16,Present,3.0
ATT-0183,183,BEN-016,PRG-004,2024-02-16,Present,2.5
ATT-0184,184,BEN-031,PRG-005,2024-02-16,Present,2.0
ATT-0185,185,BEN-007,PRG-005,2024-02-16,Present,3.0
ATT-0186,186,BEN-016,PRG-005,2024-02-16,Present,2.0
ATT-0187,187,BEN-025,PRG-005,2024-02-16,Present,3.0
ATT-0188,188,BEN-037,PRG-005,2024-02-16,Present,3.0
ATT-0189,189,BEN-023,PRG-005,2024-02-16,Present,0.0
ATT-0190,190,BEN-040,PRG-005,2024-02-16,Present,2.0
ATT-0191,191,BEN-020,PRG-001,2024-02-19,Present,2.0
ATT-0192,192,BEN-029,PRG-001,2024-02-19,Present,2.0
ATT-0193,193,BEN-003,PRG-001,2024-02-19,Present,2.5
ATT-0194,194,BEN-038,PRG-001,2024-02-19,Present,0.0
ATT-0195,195,BEN-011,PRG-002,2024-02-19,Present,2.5
ATT-0196,196,BEN-017,PRG-002,2024-02-19,Present,0.0
ATT-0197,197,BEN-031,PRG-002,2024-02-19,Present,2.0
ATT-0198,198,BEN-019,PRG-002,2024-02-19,Present,0.0
ATT-0199,199,BEN-022,PRG-002,2024-02-19,Present,3.0
ATT-0200,200,BEN-008,PRG-002,2024-02-19,Present,0.0
ATT-0201,201,BEN-041,PRG-003,2024-02-19,Present,2.5
ATT-0202,202,BEN-024,PRG-003,2024-02-19,Present,2.0
ATT-0203,203,BEN-007,PRG-003,2024-02-19,Present,2.0
ATT-0204,204,BEN-015,PRG-003,2024-02-19,Present,2.0
ATT-0205,205,BEN-031,PRG-003,2024-02-19,Present,2.0
ATT-0206,206,BEN-002,PRG-003,2024-02-19,Present,2.5
ATT-0207,207,BEN-036,PRG-003,2024-02-19,Present,2.0
ATT-0208,208,BEN-024,PRG-004,2024-02-19,Present,2.0
ATT-0209,209,BEN-043,PRG-004,2024-02-19,Present,3.0
ATT-0210,210,BEN-035,PRG-004,2024-02-19,Present,2.5
ATT-0211,211,BEN-027,PRG-004,2024-02-19,Present,2.5
ATT-0212,212,BEN-038,PRG-004,2024-02-19,Present,3.0
ATT-0213,213,BEN-010,PRG-004,2024-02-19,Present,2.0
ATT-0214,214,BEN-041,PRG-004,2024-02-19,Present,2.5
ATT-0215,215,BEN-030,PRG-005,2024-02-19,Present,2.0
ATT-0216,216,BEN-006,PRG-005,2024-02-19,Present,2.5
ATT-0217,217,BEN-043,PRG-005,2024-02-19,Present,2.5
ATT-0218,218,BEN-014,PRG-005,2024-02-19,Present,2.5
ATT-0219,219,BEN-014,PRG-001,2024-02-22,Present,3.0
ATT-0220,220,BEN-015,PRG-001,2024-02-22,Present,2.0
ATT-0221,221,BEN-022,PRG-001,2024-02-22,Present,3.0
ATT-0222,222,BEN-010,PRG-001,2024-02-22,Present,3.0
ATT-0223,223,BEN-039,PRG-001,2024-02-22,Present,3.0
ATT-0224,224,BEN-001,PRG-001,2024-02-22,Present,2.0
ATT-0225,225,BEN-018,PRG-001,2024-02-22,Present,2.0
ATT-0226,226,BEN-041,PRG-001,2024-02-22,Present,0.0
ATT-0227,227,BEN-007,PRG-002,2024-02-22,Present,2.0
ATT-0228,228,BEN-029,PRG-002,2024-02-22,Present,2.0
ATT-0229,229,BEN-033,PRG-002,2024-02-22,Present,2.0
ATT-0230,230,BEN-015,PRG-002,2024-02-22,Present,2.0
ATT-0231,231,BEN-040,PRG-002,2024-02-22,Present,0.0
ATT-0232,232,BEN-003,PRG-002,2024-02-22,Present,2.5
ATT-0233,233,BEN-034,PRG-002,2024-02-22,Present,0.0
ATT-0234,234,BEN-020,PRG-002,2024-02-22,Present,2.0
ATT-0235,235,BEN-034,PRG-003,2024-02-22,Present,2.5
ATT-0236,236,BEN-019,PRG-003,2024-02-22,Present,2.5
ATT-0237,237,BEN-030,PRG-003,2024-02-22,Present,2.0
ATT-0238,238,BEN-033,PRG-003,2024-02-22,Present,2.0
ATT-0239,239,BEN-039,PRG-003,2024-02-22,Present,3.0
ATT-0240,240,BEN-028,PRG-003,2024-02-22,Present,3.0
ATT-0241,241,BEN-007,PRG-003,2024-02-22,Present,2.0
ATT-0242,242,BEN-008,PRG-003,2024-02-22,Present,2.0
ATT-0243,243,BEN-007,PRG-004,2024-02-22,Present,2.0
ATT-0244,244,BEN-024,PRG-004,2024-02-22,Present,2.0
ATT-0245,245,BEN-009,PRG-004,2024-02-22,Present,3.0
ATT-0246,246,BEN-036,PRG-004,2024-02-22,Present,3.0
ATT-0247,247,BEN-004,PRG-004,2024-02-22,Present,0.0
ATT-0248,248,BEN-038,PRG-004,2024-02-22,Present,2.0
ATT-0249,249,BEN-041,PRG-004,2024-02-22,Present,3.0
ATT-0250,250,BEN-024,PRG-005,2024-02-22,Present,3.0
ATT-0251,251,BEN-008,PRG-005,2024-02-22,Present,3.0
ATT-0252,252,BEN-018,PRG-005,2024-02-22,Present,3.0
ATT-0253,253,BEN-037,PRG-005,2024-02-22,Present,2.5
ATT-0254,254,BEN-015,PRG-005,2024-02-22,Present,2.0
ATT-0255,255,BEN-028,PRG-005,2024-02-22,Present,2.0
ATT-0256,256,BEN-036,PRG-005,2024-02-22,Present,2.5
ATT-0257,257,BEN-038,PRG-005,2024-02-22,Present,2.0
ATT-0258,258,BEN-011,PRG-001,2024-02-25,Present,2.5
ATT-0259,259,BEN-024,PRG-001,2024-02-25,Present,2.0
ATT-0260,260,BEN-020,PRG-001,2024-02-25,Present,2.0
ATT-0261,261,BEN-021,PRG-001,2024-02-25,Present,0.0
ATT-0262,262,BEN-037,PRG-001,2024-02-25,Present,3.0
ATT-0263,263,BEN-039,PRG-001,2024-02-25,Present,2.0
ATT-0264,264,BEN-028,PRG-002,2024-02-25,Present,2.0
ATT-0265,265,BEN-008,PRG-002,2024-02-25,Present,0.0
ATT-0266,266,BEN-019,PRG-002,2024-02-25,Present,2.5
ATT-0267,267,BEN-038,PRG-002,2024-02-25,Present,2.5
ATT-0268,268,BEN-032,PRG-002,2024-02-25,Present,3.0
ATT-0269,269,BEN-034,PRG-002,2024-02-25,Present,2.0
ATT-0270,270,BEN-012,PRG-003,2024-02-25,Present,2.0
ATT-0271,271,BEN-009,PRG-003,2024-02-25,Present,2.0
ATT-0272,272,BEN-025,PRG-003,2024-02-25,Present,2.0
ATT-0273,273,BEN-035,PRG-003,2024-02-25,Present,2.0
ATT-0274,274,BEN-015,PRG-003,2024-02-25,Present,2.0
ATT-0275,275,BEN-033,PRG-003,2024-02-25,Present,2.0
ATT-0276,276,BEN-036,PRG-003,2024-02-25,Present,2.5
ATT-0277,277,BEN-030,PRG-004,2024-02-25,Present,2.0
ATT-0278,278,BEN-024,PRG-004,2024-02-25,Present,2.5
ATT-0279,279,BEN-006,PRG-004,2024-02-25,Present,2.0
ATT-0280,280,BEN-028,PRG-004,2024-02-25,Present,0.0
ATT-0281,281,BEN-007,PRG-004,2024-02-25,Present,3.0
ATT-0282,282,BEN-016,PRG-004,2024-02-25,Present,2.5
ATT-0283,283,BEN-041,PRG-004,2024-02-25,Present,3.0
ATT-0284,284,BEN-026,PRG-004,2024-02-25,Present,0.0
ATT-0285,285,BEN-042,PRG-005,2024-02-25,Present,0.0
ATT-0286,286,BEN-005,PRG-005,2024-02-25,Present,0.0
ATT-0287,287,BEN-012,PRG-005,2024-02-25,Present,2.5
ATT-0288,288,BEN-041,PRG-005,2024-02-25,Present,2.0
ATT-0289,289,BEN-032,PRG-005,2024-02-25,Present,3.0
ATT-0290,290,BEN-004,PRG-001,2024-02-28,Present,3.0
ATT-0291,291,BEN-023,PRG-001,2024-02-28,Present,0.0
ATT-0292,292,BEN-033,PRG-001,2024-02-28,Present,0.0
ATT-0293,293,BEN-005,PRG-001,2024-02-28,Present,0.0
ATT-0294,294,BEN-020,PRG-001,2024-02-28,Present,0.0
ATT-0295,295,BEN-030,PRG-001,2024-02-28,Present,2.5
ATT-0296,296,BEN-029,PRG-001,2024-02-28,Present,2.0
ATT-0297,297,BEN-003,PRG-001,2024-02-28,Present,0.0
ATT-0298,298,BEN-003,PRG-002,2024-02-28,Present,3.0
ATT-0299,299,BEN-016,PRG-002,2024-02-28,Present,2.0
ATT-0300,300,BEN-029,PRG-002,2024-02-28,Present,2.0
ATT-0301,301,BEN-034,PRG-002,2024-02-28,Present,2.0
ATT-0302,302,BEN-040,PRG-002,2024-02-28,Present,0.0
ATT-0303,303,BEN-019,PRG-003,2024-02-28,Present,3.0
ATT-0304,304,BEN-017,PRG-003,2024-02-28,Present,2.5
ATT-0305,305,BEN-039,PRG-003,2024-02-28,Present,3.0
ATT-0306,306,BEN-010,PRG-003,2024-02-28,Present,3.0
ATT-0307,307,BEN-022,PRG-003,2024-02-28,Present,2.0
ATT-0308,308,BEN-006,PRG-003,2024-02-28,Present,0.0
ATT-0309,309,BEN-038,PRG-003,2024-02-28,Present,3.0
ATT-0310,310,BEN-012,PRG-004,2024-02-28,Present,2.0
ATT-0311,311,BEN-014,PRG-004,2024-02-28,Present,0.0
ATT-0312,312,BEN-022,PRG-004,2024-02-28,Present,2.0
ATT-0313,313,BEN-032,PRG-004,2024-02-28,Present,0.0
ATT-0314,314,BEN-013,PRG-004,2024-02-28,Present,2.0
ATT-0315,315,BEN-015,PRG-004,2024-02-28,Present,2.5
ATT-0316,316,BEN-011,PRG-005,2024-02-28,Present,2.5
ATT-0317,317,BEN-029,PRG-005,2024-02-28,Present,3.0
ATT-0318,318,BEN-003,PRG-005,2024-02-28,Present,3.0
ATT-0319,319,BEN-027,PRG-005,2024-02-28,Present,2.0
ATT-0320,320,BEN-024,PRG-005,2024-02-28,Present,2.0
ATT-0321,321,BEN-016,PRG-005,2024-02-28,Present,2.0
ATT-0322,322,BEN-043,PRG-005,2024-02-28,Present,0.0
ATT-0323,323,BEN-019,PRG-005,2024-02-28,Present,2.0
ATT-0324,324,BEN-024,PRG-001,2024-03-01,Present,2.0
ATT-0325,325,BEN-036,PRG-001,2024-03-01,Present,2.0
ATT-0326,326,BEN-007,PRG-001,2024-03-01,Present,3.0
ATT-0327,327,BEN-034,PRG-001,2024-03-01,Present,2.0
ATT-0328,328,BEN-008,PRG-001,2024-03-01,Present,3.0
ATT-0329,329,BEN-019,PRG-001,2024-03-01,Present,2.0
ATT-0330,330,BEN-006,PRG-001,2024-03-01,Present,2.0
ATT-0331,331,BEN-007,PRG-002,2024-03-01,Present,2.5
ATT-0332,332,BEN-042,PRG-002,2024-03-01,Present,2.0
ATT-0333,333,BEN-022,PRG-002,2024-03-01,Present,2.0
ATT-0334,334,BEN-010,PRG-002,2024-03-01,Present,2.5
ATT-0335,335,BEN-009,PRG-002,2024-03-01,Present,0.0
ATT-0336,336,BEN-003,PRG-002,2024-03-01,Present,2.0
ATT-0337,337,BEN-016,PRG-003,2024-03-01,Present,2.0
ATT-0338,338,BEN-020,PRG-003,2024-03-01,Present,2.0
ATT-0339,339,BEN-008,PRG-003,2024-03-01,Present,2.0
ATT-0340,340,BEN-004,PRG-003,2024-03-01,Present,0.0
ATT-0341,341,BEN-044,PRG-003,2024-03-01,Present,3.0
ATT-0342,342,BEN-027,PRG-003,2024-03-01,Present,0.0
ATT-0343,343,BEN-016,PRG-004,2024-03-01,Present,0.0
ATT-0344,344,BEN-037,PRG-004,2024-03-01,Present,0.0
ATT-0345,345,BEN-027,PRG-004,2024-03-01,Present,2.0
ATT-0346,346,BEN-012,PRG-004,2024-03-01,Present,2.0
ATT-0347,347,BEN-006,PRG-004,2024-03-01,Present,2.0
ATT-0348,348,BEN-034,PRG-004,2024-03-01,Present,3.0
ATT-0349,349,BEN-043,PRG-005,2024-03-01,Present,3.0
ATT-0350,350,BEN-041,PRG-005,2024-03-01,Present,2.5
ATT-0351,351,BEN-007,PRG-005,2024-03-01,Present,2.0
ATT-0352,352,BEN-038,PRG-005,2024-03-01,Present,2.5
ATT-0353,353,BEN-022,PRG-005,2024-03-01,Present,2.0
ATT-0354,354,BEN-013,PRG-001,2024-03-04,Present,2.0
ATT-0355,355,BEN-003,PRG-001,2024-03-04,Present,2.5
ATT-0356,356,BEN-044,PRG-001,2024-03-04,Present,2.0
ATT-0357,357,BEN-043,PRG-001,2024-03-04,Present,2.0
ATT-0358,358,BEN-021,PRG-001,2024-03-04,Present,2.0
ATT-0359,359,BEN-020,PRG-001,2024-03-04,Present,3.0
ATT-0360,360,BEN-032,PRG-002,2024-03-04,Present,2.0
ATT-0361,361,BEN-024,PRG-002,2024-03-04,Present,2.5
ATT-0362,362,BEN-034,PRG-002,2024-03-04,Present,3.0
ATT-0363,363,BEN-018,PRG-002,2024-03-04,Present,3.0
ATT-0364,364,BEN-006,PRG-002,2024-03-04,Present,3.0
ATT-0365,365,BEN-039,PRG-003,2024-03-04,Present,0.0
ATT-0366,366,BEN-028,PRG-003,2024-03-04,Present,2.0
ATT-0367,367,BEN-011,PRG-003,2024-03-04,Present,3.0
ATT-0368,368,BEN-029,PRG-003,2024-03-04,Present,2.0
ATT-0369,369,BEN-023,PRG-003,2024-03-04,Present,2.0
ATT-0370,370,BEN-041,PRG-003,2024-03-04,Present,2.0
ATT-0371,371,BEN-003,PRG-003,2024-03-04,Present,3.0
ATT-0372,372,BEN-037,PRG-004,2024-03-04,Present,0.0
ATT-0373,373,BEN-003,PRG-004,2024-03-04,Present,3.0
ATT-0374,374,BEN-039,PRG-004,2024-03-04,Present,3.0
ATT-0375,375,BEN-010,PRG-004,2024-03-04,Present,2.0
ATT-0376,376,BEN-029,PRG-004,2024-03-04,Present,2.0
ATT-0377,377,BEN-024,PRG-004,2024-03-04,Present,0.0
ATT-0378,378,BEN-042,PRG-004,2024-03-04,Present,3.0
ATT-0379,379,BEN-014,PRG-005,2024-03-04,Present,2.5
ATT-0380,380,BEN-040,PRG-005,2024-03-04,Present,2.0
ATT-0381,381,BEN-019,PRG-005,2024-03-04,Present,3.0
ATT-0382,382,BEN-032,PRG-005,2024-03-04,Present,0.0
ATT-0383,383,BEN-013,PRG-005,2024-03-04,Present,3.0
ATT-0384,384,BEN-008,PRG-005,2024-03-04,Present,3.0
ATT-0385,385,BEN-009,PRG-005,2024-03-04,Present,2.0
ATT-0386,386,BEN-009,PRG-001,2024-03-07,Present,0.0
ATT-0387,387,BEN-016,PRG-001,2024-03-07,Present,2.0
ATT-0388,388,BEN-032,PRG-001,2024-03-07,Present,2.0
ATT-0389,389,BEN-002,PRG-001,2024-03-07,Present,2.0
ATT-0390,390,BEN-024,PRG-001,2024-03-07,Present,2.0
ATT-0391,391,BEN-021,PRG-002,2024-03-07,Present,3.0
ATT-0392,392,BEN-042,PRG-002,2024-03-07,Present,0.0
ATT-0393,393,BEN-005,PRG-002,2024-03-07,Present,2.0
ATT-0394,394,BEN-029,PRG-002,2024-03-07,Present,2.0
ATT-0395,395,BEN-030,PRG-002,2024-03-07,Present,3.0
ATT-0396,396,BEN-011,PRG-003,2024-03-07,Present,3.0
ATT-0397,397,BEN-021,PRG-003,2024-03-07,Present,3.0
ATT-0398,398,BEN-015,PRG-003,2024-03-07,Present,0.0
ATT-0399,399,BEN-023,PRG-003,2024-03-07,Present,0.0
ATT-0400,400,BEN-034,PRG-003,2024-03-07,Present,0.0
ATT-0401,401,BEN-010,PRG-004,2024-03-07,Present,0.0
ATT-0402,402,BEN-011,PRG-004,2024-03-07,Present,0.0
ATT-0403,403,BEN-040,PRG-004,2024-03-07,Present,2.0
ATT-0404,404,BEN-039,PRG-004,2024-03-07,Present,3.0
ATT-0405,405,BEN-022,PRG-004,2024-03-07,Present,2.0
ATT-0406,406,BEN-037,PRG-004,2024-03-07,Present,3.0
ATT-0407,407,BEN-003,PRG-004,2024-03-07,Present,2.0
ATT-0408,408,BEN-002,PRG-004,2024-03-07,Present,2.0
ATT-0409,409,BEN-030,PRG-005,2024-03-07,Present,2.0
ATT-0410,410,BEN-014,PRG-005,2024-03-07,Present,0.0
ATT-0411,411,BEN-022,PRG-005,2024-03-07,Present,3.0
ATT-0412,412,BEN-039,PRG-005,2024-03-07,Present,2.0
ATT-0413,413,BEN-010,PRG-005,2024-03-07,Present,2.5
ATT-0414,414,BEN-021,PRG-005,2024-03-07,Present,2.0
ATT-0415,415,BEN-041,PRG-005,2024-03-07,Present,0.0
ATT-0416,416,BEN-016,PRG-001,2024-03-10,Present,2.0
ATT-0417,417,BEN-011,PRG-001,2024-03-10,Present,2.0
ATT-0418,418,BEN-021,PRG-001,2024-03-10,Present,2.0
ATT-0419,419,BEN-037,PRG-001,2024-03-10,Present,2.5
ATT-0420,420,BEN-042,PRG-001,2024-03-10,Present,2.0
ATT-0421,421,BEN-013,PRG-001,2024-03-10,Present,0.0
ATT-0422,422,BEN-043,PRG-001,2024-03-10,Present,0.0
ATT-0423,423,BEN-007,PRG-002,2024-03-10,Present,2.0
ATT-0424,424,BEN-028,PRG-002,2024-03-10,Present,2.0
ATT-0425,425,BEN-009,PRG-002,2024-03-10,Present,0.0
ATT-0426,426,BEN-017,PRG-002,2024-03-10,Present,0.0
ATT-0427,427,BEN-005,PRG-003,2024-03-10,Present,2.0
ATT-0428,428,BEN-025,PRG-003,2024-03-10,Present,2.0
ATT-0429,429,BEN-033,PRG-003,2024-03-10,Present,0.0
ATT-0430,430,BEN-029,PRG-003,2024-03-10,Present,2.5
ATT-0431,431,BEN-036,PRG-003,2024-03-10,Present,2.0
ATT-0432,432,BEN-018,PRG-003,2024-03-10,Present,2.0
ATT-0433,433,BEN-009,PRG-004,2024-03-10,Present,0.0
ATT-0434,434,BEN-022,PRG-004,2024-03-10,Present,3.0
ATT-0435,435,BEN-031,PRG-004,2024-03-10,Present,2.5
ATT-0436,436,BEN-034,PRG-004,2024-03-10,Present,3.0
ATT-0437,437,BEN-022,PRG-005,2024-03-10,Present,3.0
ATT-0438,438,BEN-033,PRG-005,2024-03-10,Present,2.0
ATT-0439,439,BEN-043,PRG-005,2024-03-10,Present,2.0
ATT-0440,440,BEN-035,PRG-005,2024-03-10,Present,3.0
ATT-0441,441,BEN-032,PRG-005,2024-03-10,Present,0.0
ATT-0442,442,BEN-037,PRG-005,2024-03-10,Present,0.0
ATT-0443,443,BEN-020,PRG-005,2024-03-10,Present,0.0
ATT-0444,444,BEN-031,PRG-005,2024-03-10,Present,2.0
ATT-0445,445,BEN-044,PRG-001,2024-03-13,Present,2.0
ATT-0446,446,BEN-016,PRG-001,2024-03-13,Present,2.5
ATT-0447,447,BEN-003,PRG-001,2024-03-13,Present,2.0
ATT-0448,448,BEN-037,PRG-001,2024-03-13,Present,2.5
ATT-0449,449,BEN-008,PRG-001,2024-03-13,Present,3.0
ATT-0450,450,BEN-034,PRG-002,2024-03-13,Present,3.0
ATT-0451,451,BEN-025,PRG-002,2024-03-13,Present,2.5
ATT-0452,452,BEN-021,PRG-002,2024-03-13,Present,0.0
ATT-0453,453,BEN-012,PRG-002,2024-03-13,Present,3.0
ATT-0454,454,BEN-030,PRG-002,2024-03-13,Present,2.0
ATT-0455,455,BEN-035,PRG-002,2024-03-13,Present,3.0
ATT-0456,456,BEN-022,PRG-002,2024-03-13,Present,3.0
ATT-0457,457,BEN-037,PRG-003,2024-03-13,Present,2.5
ATT-0458,458,BEN-044,PRG-003,2024-03-13,Present,3.0
ATT-0459,459,BEN-035,PRG-003,2024-03-13,Present,3.0
ATT-0460,460,BEN-025,PRG-003,2024-03-13,Present,2.0
ATT-0461,461,BEN-013,PRG-004,2024-03-13,Present,0.0
ATT-0462,462,BEN-035,PRG-004,2024-03-13,Present,2.0
ATT-0463,463,BEN-018,PRG-004,2024-03-13,Present,2.5
ATT-0464,464,BEN-036,PRG-004,2024-03-13,Present,2.0
ATT-0465,465,BEN-009,PRG-004,2024-03-13,Present,3.0
ATT-0466,466,BEN-007,PRG-005,2024-03-13,Present,3.0
ATT-0467,467,BEN-009,PRG-005,2024-03-13,Present,2.0
ATT-0468,468,BEN-001,PRG-005,2024-03-13,Present,2.5
ATT-0469,469,BEN-036,PRG-005,2024-03-13,Present,2.5
ATT-0470,470,BEN-011,PRG-005,2024-03-13,Present,2.0
ATT-0471,471,BEN-027,PRG-005,2024-03-13,Present,2.5
ATT-0472,472,BEN-031,PRG-005,2024-03-13,Present,2.0
ATT-0473,473,BEN-020,PRG-001,2024-03-16,Present,2.0
ATT-0474,474,BEN-037,PRG-001,2024-03-16,Present,0.0
ATT-0475,475,BEN-039,PRG-001,2024-03-16,Present,2.5
ATT-0476,476,BEN-007,PRG-001,2024-03-16,Present,2.5
ATT-0477,477,BEN-042,PRG-002,2024-03-16,Present,2.5
ATT-0478,478,BEN-017,PRG-002,2024-03-16,Present,2.0
ATT-0479,479,BEN-012,PRG-002,2024-03-16,Present,2.0
ATT-0480,480,BEN-001,PRG-002,2024-03-16,Present,2.5
ATT-0481,481,BEN-022,PRG-002,2024-03-16,Present,3.0
ATT-0482,482,BEN-019,PRG-002,2024-03-16,Present,3.0
ATT-0483,483,BEN-037,PRG-002,2024-03-16,Present,2.0
ATT-0484,484,BEN-022,PRG-003,2024-03-16,Present,2.5
ATT-0485,485,BEN-020,PRG-003,2024-03-16,Present,2.0
ATT-0486,486,BEN-038,PRG-003,2024-03-16,Present,2.0
ATT-0487,487,BEN-037,PRG-003,2024-03-16,Present,3.0
ATT-0488,488,BEN-001,PRG-003,2024-03-16,Present,3.0
ATT-0489,489,BEN-017,PRG-003,2024-03-16,Present,2.5
ATT-0490,490,BEN-009,PRG-004,2024-03-16,Present,0.0
ATT-0491,491,BEN-031,PRG-004,2024-03-16,Present,2.5
ATT-0492,492,BEN-010,PRG-004,2024-03-16,Present,2.0
ATT-0493,493,BEN-030,PRG-004,2024-03-16,Present,0.0
ATT-0494,494,BEN-039,PRG-004,2024-03-16,Present,2.0
ATT-0495,495,BEN-008,PRG-005,2024-03-16,Present,0.0
ATT-0496,496,BEN-004,PRG-005,2024-03-16,Present,2.5
ATT-0497,497,BEN-036,PRG-005,2024-03-16,Present,2.0
ATT-0498,498,BEN-033,PRG-005,2024-03-16,Present,2.0
ATT-0499,499,BEN-013,PRG-005,2024-03-16,Present,2.5
ATT-0500,500,BEN-037,PRG-005,2024-03-16,Present,2.0
ATT-0501,501,BEN-035,PRG-005,2024-03-16,Present,0.0
ATT-0502,502,BEN-010,PRG-005,2024-03-16,Present,2.0
ATT-0503,503,BEN-017,PRG-001,2024-03-19,Present,0.0
ATT-0504,504,BEN-001,PRG-001,2024-03-19,Present,2.0
ATT-0505,505,BEN-014,PRG-001,2024-03-19,Present,2.0
ATT-0506,506,BEN-038,PRG-001,2024-03-19,Present,2.0
ATT-0507,507,BEN-005,PRG-001,2024-03-19,Present,2.0
ATT-0508,508,BEN-003,PRG-001,2024-03-19,Present,2.0
ATT-0509,509,BEN-028,PRG-001,2024-03-19,Present,2.0
ATT-0510,510,BEN-035,PRG-002,2024-03-19,Present,3.0
ATT-0511,511,BEN-026,PRG-002,2024-03-19,Present,2.0
ATT-0512,512,BEN-034,PRG-002,2024-03-19,Present,2.5
ATT-0513,513,BEN-009,PRG-002,2024-03-19,Present,3.0
ATT-0514,514,BEN-015,PRG-002,2024-03-19,Present,2.5
ATT-0515,515,BEN-003,PRG-003,2024-03-19,Present,2.5
ATT-0516,516,BEN-043,PRG-003,2024-03-19,Present,0.0
ATT-0517,517,BEN-027,PRG-003,2024-03-19,Present,0.0
ATT-0518,518,BEN-040,PRG-003,2024-03-19,Present,2.5
ATT-0519,519,BEN-026,PRG-004,2024-03-19,Present,2.5
ATT-0520,520,BEN-029,PRG-004,2024-03-19,Present,2.5
ATT-0521,521,BEN-015,PRG-004,2024-03-19,Present,3.0
ATT-0522,522,BEN-035,PRG-004,2024-03-19,Present,3.0
ATT-0523,523,BEN-020,PRG-005,2024-03-19,Present,3.0
ATT-0524,524,BEN-010,PRG-005,2024-03-19,Present,0.0
ATT-0525,525,BEN-043,PRG-005,2024-03-19,Present,2.0
ATT-0526,526,BEN-034,PRG-005,2024-03-19,Present,2.0
ATT-0527,527,BEN-015,PRG-005,2024-03-19,Present,0.0
ATT-0528,528,BEN-027,PRG-001,2024-03-22,Present,2.5
ATT-0529,529,BEN-044,PRG-001,2024-03-22,Present,2.0
ATT-0530,530,BEN-010,PRG-001,2024-03-22,Present,2.0
ATT-0531,531,BEN-020,PRG-001,2024-03-22,Present,0.0
ATT-0532,532,BEN-025,PRG-001,2024-03-22,Present,2.5
ATT-0533,533,BEN-012,PRG-001,2024-03-22,Present,3.0
ATT-0534,534,BEN-029,PRG-002,2024-03-22,Present,2.0
ATT-0535,535,BEN-024,PRG-002,2024-03-22,Present,0.0
ATT-0536,536,BEN-006,PRG-002,2024-03-22,Present,2.0
ATT-0537,537,BEN-035,PRG-002,2024-03-22,Present,0.0
ATT-0538,538,BEN-031,PRG-003,2024-03-22,Present,2.0
ATT-0539,539,BEN-014,PRG-003,2024-03-22,Present,2.5
ATT-0540,540,BEN-022,PRG-003,2024-03-22,Present,2.5
ATT-0541,541,BEN-020,PRG-003,2024-03-22,Present,0.0
ATT-0542,542,BEN-001,PRG-003,2024-03-22,Present,2.0
ATT-0543,543,BEN-035,PRG-004,2024-03-22,Present,2.0
ATT-0544,544,BEN-042,PRG-004,2024-03-22,Present,3.0
ATT-0545,545,BEN-023,PRG-004,2024-03-22,Present,3.0
ATT-0546,546,BEN-020,PRG-004,2024-03-22,Present,0.0
ATT-0547,547,BEN-017,PRG-004,2024-03-22,Present,2.0
ATT-0548,548,BEN-024,PRG-004,2024-03-22,Present,0.0
ATT-0549,549,BEN-033,PRG-004,2024-03-22,Present,3.0
ATT-0550,550,BEN-013,PRG-005,2024-03-22,Present,0.0
ATT-0551,551,BEN-022,PRG-005,2024-03-22,Present,3.0
ATT-0552,552,BEN-015,PRG-005,2024-03-22,Present,2.0
ATT-0553,553,BEN-025,PRG-005,2024-03-22,Present,2.5
ATT-0554,554,BEN-037,PRG-005,2024-03-22,Present,2.0
ATT-0555,555,BEN-035,PRG-001,2024-03-25,Present,2.0
ATT-0556,556,BEN-042,PRG-001,2024-03-25,Present,2.5
ATT-0557,557,BEN-004,PRG-001,2024-03-25,Present,2.0
ATT-0558,558,BEN-034,PRG-001,2024-03-25,Present,2.0
ATT-0559,559,BEN-003,PRG-001,2024-03-25,Present,0.0
ATT-0560,560,BEN-031,PRG-002,2024-03-25,Present,0.0
ATT-0561,561,BEN-043,PRG-002,2024-03-25,Present,0.0
ATT-0562,562,BEN-032,PRG-002,2024-03-25,Present,0.0
ATT-0563,563,BEN-002,PRG-002,2024-03-25,Present,2.5
ATT-0564,564,BEN-001,PRG-002,2024-03-25,Present,0.0
ATT-0565,565,BEN-035,PRG-002,2024-03-25,Present,2.5
ATT-0566,566,BEN-036,PRG-002,2024-03-25,Present,3.0
ATT-0567,567,BEN-027,PRG-002,2024-03-25,Present,2.0
ATT-0568,568,BEN-024,PRG-003,2024-03-25,Present,3.0
ATT-0569,569,BEN-026,PRG-003,2024-03-25,Present,2.0
ATT-0570,570,BEN-030,PRG-003,2024-03-25,Present,2.0
ATT-0571,571,BEN-037,PRG-003,2024-03-25,Present,2.0
ATT-0572,572,BEN-041,PRG-004,2024-03-25,Present,3.0
ATT-0573,573,BEN-001,PRG-004,2024-03-25,Present,0.0
ATT-0574,574,BEN-011,PRG-004,2024-03-25,Present,2.5
ATT-0575,575,BEN-006,PRG-004,2024-03-25,Present,2.0
ATT-0576,576,BEN-003,PRG-005,2024-03-25,Present,2.0
ATT-0577,577,BEN-005,PRG-005,2024-03-25,Present,2.5
ATT-0578,578,BEN-018,PRG-005,2024-03-25,Present,2.0
ATT-0579,579,BEN-035,PRG-005,2024-03-25,Present,0.0
ATT-0580,580,BEN-037,PRG-005,2024-03-25,Present,2.0
ATT-0581,581,BEN-044,PRG-005,2024-03-25,Present,3.0
ATT-0582,582,BEN-009,PRG-001,2024-03-28,Present,3.0
ATT-0583,583,BEN-006,PRG-001,2024-03-28,Present,2.0
ATT-0584,584,BEN-033,PRG-001,2024-03-28,Present,2.0
ATT-0585,585,BEN-023,PRG-001,2024-03-28,Present,0.0
ATT-0586,586,BEN-004,PRG-001,2024-03-28,Present,2.5
ATT-0587,587,BEN-007,PRG-001,2024-03-28,Present,0.0
ATT-0588,588,BEN-028,PRG-001,2024-03-28,Present,2.0
ATT-0589,589,BEN-018,PRG-002,2024-03-28,Present,3.0
ATT-0590,590,BEN-010,PRG-002,2024-03-28,Present,2.0
ATT-0591,591,BEN-025,PRG-002,2024-03-28,Present,2.0
ATT-0592,592,BEN-041,PRG-002,2024-03-28,Present,2.0
ATT-0593,593,BEN-006,PRG-003,2024-03-28,Present,2.0
ATT-0594,594,BEN-012,PRG-003,2024-03-28,Present,2.0
ATT-0595,595,BEN-028,PRG-003,2024-03-28,Present,2.0
ATT-0596,596,BEN-029,PRG-003,2024-03-28,Present,3.0
ATT-0597,597,BEN-036,PRG-003,2024-03-28,Present,3.0
ATT-0598,598,BEN-025,PRG-004,2024-03-28,Present,2.5
ATT-0599,599,BEN-006,PRG-004,2024-03-28,Present,3.0
ATT-0600,600,BEN-036,PRG-004,2024-03-28,Present,2.5
ATT-0601,601,BEN-016,PRG-004,2024-03-28,Present,2.0
ATT-0602,602,BEN-037,PRG-004,2024-03-28,Present,3.0
ATT-0603,603,BEN-034,PRG-004,2024-03-28,Present,3.0
ATT-0604,604,BEN-011,PRG-004,2024-03-28,Present,2.0
ATT-0605,605,BEN-040,PRG-005,2024-03-28,Present,2.0
ATT-0606,606,BEN-013,PRG-005,2024-03-28,Present,3.0
ATT-0607,607,BEN-030,PRG-005,2024-03-28,Present,2.5
ATT-0608,608,BEN-007,PRG-005,2024-03-28,Present,0.0
ATT-0609,609,BEN-009,PRG-005,2024-03-28,Present,2.0
ATT-0610,610,BEN-020,PRG-005,2024-03-28,Present,2.0
ATT-0611,611,BEN-001,PRG-005,2024-03-28,Present,2.0
ATT-0612,612,BEN-026,PRG-005,2024-03-28,Present,3.0
