beneficiary_id,source_record_id,anonymized_code,gender,age,city_location,registration_date
BEN-001,619,299e810888bb9daccbcdffb9d0194e9a6a3fb7cbeed7b9e924438d98f2e1d7aa,Female,16.0,Noida,2024-02-24
BEN-002,620,e997489d99e84b83acc46bbfeaca3de3a9485ccc55e9706cd34f6ae180fc225c,Male,18.0,Faridabad,2024-01-03
BEN-003,621,9fe11fa4f9b59ae4a7fa60142d56edaaf100cb8ea0e2c1f6eed9da1f478ac51f,Male,62.0,New Delhi,2024-04-08
BEN-004,622,4d566b1fa50be22491e0360765b15dca87e870ea953db19706de7c9af032654e,Non-Binary,16.0,New Delhi,2024-03-09
BEN-005,623,6486ad54a2bf96ae4c746097495c2e0e7bffcccb5443e4e4d2d9c73c07065d83,Non-Binary,18.0,New Delhi,2024-03-28
BEN-006,624,1922df12fcf39a99b1e583739ac5892e29a77d86fe39231cb726363a0869866a,Non-Binary,16.0,Gurugram,2024-04-03
BEN-007,625,cfe4929eb65cce48aba6c980eb8e97130d252aa9402eac90f3818a28297dc677,Male,32.0,Faridabad,2024-01-02
BEN-008,626,4b322298db16f88cd1d0c5e6bd8365859e844a8875451a898d3cbba0b7286551,Non-Binary,18.0,New Delhi,2024-03-13
BEN-009,627,8eb35b490d3aef96a0bdf1b6a48b565489f250f8df182801898f79398cc4f568,Non-Binary,21.0,Noida,2024-03-23
BEN-010,628,dd753589039760df4368f921df3c62aaeda9247141cb4c56221850326de5a491,Female,62.0,New Delhi,2024-02-06
BEN-011,629,ba13aef3379d91711173cc44274513cd6a1d976c0a57efb3d6cac536382b0c5b,Non-Binary,,Gurugram,2024-03-27
BEN-012,630,b145e3ae48de0baf81d9803e075d5d506dd6fc44fca4e4032aa079ebaad45b79,Female,24.0,New Delhi,2024-03-13
BEN-013,631,b4ec84b3099f1544bfd653cbc58615991177fb1f099e26717dbf2ec675df45f2,Male,,Noida,2024-04-13
BEN-014,632,a816173348434b536188ab4ad81dcecfd65bfbb31b59c0dcb54d8c9d96543969,Female,21.0,Noida,2024-03-24
BEN-015,633,4cd1165a3fe61a7ce6ddba84b0de45362bf68c6ffb56c99ef1eb07f23c9ff02d,Male,35.0,Noida,2024-02-17
BEN-016,634,19833c73e36ae3fa3e70b039e6d4ab6769556e25db543ff6db3bbde48b072741,Female,18.0,New Delhi,2024-04-20
BEN-017,635,ae5a6822b9c79c0706dfbde18c09825bcbf27c27111098659a455c5d04a9fbd7,Female,62.0,Gurugram,2024-01-22
BEN-018,636,b709296088752237b27d8711fefd206df8ce1868f95d8d2a1dcb9ca53aa90c29,Male,28.0,Noida,2024-04-06
BEN-019,637,a8f5542ba1adedc72e87bad4be2f28b27353a32f0e12c7b1f800e6017bb9487c,Non-Binary,50.0,New Delhi,2024-01-28
BEN-020,638,94dde117ccfdf1692b1a926025118779746796d7b6d34b781d6fa0ffeae4affd,Male,62.0,New Delhi,2024-02-18
BEN-021,639,d6d4a094e7ec1c519eeb15dbef678cc2e457c6eca4d1e45d1794896b3784f087,Male,16.0,Faridabad,2024-01-04
BEN-022,640,3b3f5186b72f51dbf7ff55c1863a9702ac20b4f50e1b3e1ff19988b3088e2b1a,Non-Binary,24.0,New Delhi,2024-01-03
BEN-023,641,d7a3647690da2381bfcd92ca8966d5199b705e84bbc66077bc25c366a4402256,Female,50.0,New Delhi,2024-04-18
BEN-024,642,bb4feb7598bc2e6b0525c1b6cc73dde8c09c979ed142efed6399de6de4a9c480,Male,62.0,Gurugram,
BEN-025,643,a504de95506d206f97ad7219705e77afbf6479f5568fea40c8cce2ae5dad1f49,Male,,Noida,2024-03-15
BEN-026,644,09dfe5077b56a27416c5f802a5d8f37ee7b1c38589d653526657e17936370b4e,Female,18.0,New Delhi,2024-03-01
BEN-027,645,faea068397c22cd6f3a8237704fcf4e41007f332fdd8d18f74cd42bac02abab6,Male,62.0,New Delhi,2024-01-08
BEN-028,646,2e795d5a5bc36a69dc18ecb90ba4b36bc6cc04d9a6ef45ece9ac7d8f39e793c5,Female,32.0,New Delhi,2024-03-22
BEN-029,647,2712fea6f3df819a66afd3f8dab64fd9fa56f06e36a65c99bfa6a3e6e3bbb842,Male,21.0,Faridabad,2024-02-26
BEN-030,648,a09d9972d73e69f40ae78273e53452d727c75152be9ea664f9605a7b3c144084,Female,24.0,New Delhi,2024-04-12
BEN-031,649,b16da16391198f0847d9710dfe4d653112102de3483d0343acb32c1a3887e407,Female,,New Delhi,2024-01-02
BEN-032,650,90869c66687fcc55f4427488e4f38dc58e28ee3648369746a144fcab01c2690d,Non-Binary,18.0,New Delhi,2024-04-05
BEN-033,651,c57f4de7c22090880e6f3b691731bca5ef50a845754fdb6dfac410b0c2c76d8b,Non-Binary,42.0,New Delhi,2024-04-03
BEN-034,652,9dcda9355df9af938650921e18957f78c0a03b89c2c73287c1df20372943055b,Male,18.0,New Delhi,2024-01-03
BEN-035,653,c8deca5c8cdf38665732e120d48df2117c10c7463dbd038e9bc7bf274f8933ac,Male,21.0,Gurugram,2024-02-28
BEN-036,654,62b88fbb776be64fd45845169a1ac8413e9cb4f5515938693e00be50cf486bf0,Female,21.0,Gurugram,2024-04-09
BEN-037,655,0397470424239c55f04e88f491dc2ed0d065123f99069ecec9f57bdef591fb1d,Female,28.0,Gurugram,2024-04-05
BEN-038,656,50a223af54515417438123331d8ab410b1e9b44a0cd112be2a488afc96c49db7,Male,16.0,Faridabad,2024-03-02
BEN-039,657,da7773b1a6cd5dcd795a6595ec077be1409a271b00a9422633023f0b12258fdc,Male,42.0,Gurugram,
BEN-040,658,9be7dea3a46a4ac392e01187b30ee41dd15d54df64119b7d74df27d86d40a6ce,Female,50.0,New Delhi,2024-01-03
BEN-041,659,d53652f3b09c64e4b40da3b64d69dde806ca2d4bdc8cf17a32ac413e794f276b,Male,35.0,New Delhi,
BEN-042,660,e56a8a140bb8c5738a3df5323f8fb3848bdacebb219e0743f0063a555449ee7d,Male,62.0,New Delhi,2024-04-22
BEN-043,661,a1895ec809d7715e8ab4b7c45f9e92665d6ed967b885286a3c61d2823b0021c4,Male,32.0,Noida,2024-03-08
BEN-044,662,a1dd4df8e6c7015125e39d9a1d1b34e539d5279227f8f54e3caedce4df5b1ef4,Male,,Noida,2024-01-01
BEN-045,663,b2ca5d2700c3f1150151b7b8f51006479464d2ba891190be817f65601a989309,Male,18.0,New Delhi,2024-03-05
BEN-046,664,9a3b613bf740684bac6302366e78ba4612002bcd28f0f31ab9e73aec5090c900,Female,24.0,Noida,2024-04-27
BEN-047,665,3a8ebe2dec7f762423c1ce489b459e7dc88cca35f56d2b8a58a6f7e62e55d28c,Non-Binary,62.0,Gurugram,2024-03-22
BEN-048,666,8b50b045aaff056a7e5721fd3fc81ee762d44b01dd2d3d6703462b1f135c8da9,Male,28.0,New Delhi,2024-02-24
BEN-049,667,133a1c9935b0294c24534a05ff6410c41d9b4e79feb667655a33ca040781ff80,Male,24.0,Noida,2024-03-17
BEN-050,668,96d049267a7ea3e09c82f99239fc9144bee0ed4dd9e9c236783e77bfc77bb4d6,Female,18.0,Gurugram,2024-01-02
BEN-099,670,efdfaef19b5a654878fb03f93b8214ecb482bdf82264fb35ec37b197b5d80307,Non-Binary,18.0,New Delhi,2024-03-01
