expense_id,source_record_id,program_id,expense_category,amount,incurred_date,receipt_verified
EXP-0001,671,PRG-001,Equipment & Laptops,11271.75,2024-01-18,True
EXP-0002,672,PRG-001,Travel & Field,9116.77,2024-01-23,True
EXP-0003,673,PRG-001,Venue Rental,12604.13,2024-01-05,True
EXP-0004,674,PRG-001,Travel & Field,8481.61,2024-01-13,False
EXP-0005,675,PRG-002,Venue Rental,10317.06,2024-01-28,True
EXP-0006,676,PRG-002,Travel & Field,16275.78,2024-01-18,True
EXP-0007,677,PRG-002,Equipment & Laptops,12350.43,2024-01-12,False
EXP-0008,678,PRG-002,Travel & Field,12678.29,2024-01-13,False
EXP-0009,679,PRG-003,Trainer Stipend,3127.01,2024-01-08,False
EXP-0010,680,PRG-003,Travel & Field,10991.38,2024-01-15,False
EXP-0011,681,PRG-004,Learning Materials,3987.29,2024-01-01,True
EXP-0012,682,PRG-004,Trainer Stipend,15216.74,2024-01-24,False
EXP-0013,683,PRG-004,Equipment & Laptops,10098.39,2024-01-12,False
EXP-0014,684,PRG-004,Refreshments,2608.38,2024-01-02,True
EXP-0015,685,PRG-005,Trainer Stipend,12672.8,2024-01-06,False
EXP-0016,686,PRG-005,Equipment & Laptops,10606.52,2024-01-11,True
EXP-0017,687,PRG-005,Venue Rental,11891.05,2024-01-06,True
EXP-0018,688,PRG-005,Travel & Field,11632.76,2024-01-07,True
EXP-0019,689,PRG-001,Equipment & Laptops,4895.44,2024-02-25,False
EXP-0020,690,PRG-001,Trainer Stipend,14691.79,2024-02-18,False
EXP-0021,691,PRG-001,Trainer Stipend,5828.83,2024-02-28,True
EXP-0022,692,PRG-001,Learning Materials,7912.55,2024-02-13,False
EXP-0023,693,PRG-002,Equipment & Laptops,14926.68,2024-02-23,False
EXP-0024,694,PRG-002,Trainer Stipend,12589.82,2024-02-11,True
EXP-0025,695,PRG-002,Refreshments,12941.7,2024-02-17,False
EXP-0026,696,PRG-002,Venue Rental,8480.14,2024-02-16,True
EXP-0027,697,PRG-003,Equipment & Laptops,9579.09,2024-02-05,False
EXP-0028,698,PRG-003,Trainer Stipend,15781.12,2024-02-01,False
EXP-0029,699,PRG-003,Learning Materials,9839.73,2024-02-16,False
EXP-0030,700,PRG-003,Venue Rental,4259.68,2024-02-19,True
EXP-0031,701,PRG-004,Refreshments,5209.92,2024-02-10,False
EXP-0032,702,PRG-004,Learning Materials,9928.3,2024-02-19,True
EXP-0033,703,PRG-005,Trainer Stipend,14040.07,2024-02-15,True
EXP-0034,704,PRG-005,Travel & Field,15196.17,2024-02-25,True
EXP-0035,705,PRG-005,Venue Rental,5836.45,2024-02-28,True
EXP-0036,706,PRG-005,Equipment & Laptops,4962.99,2024-02-24,False
EXP-0037,707,PRG-001,Venue Rental,4238.7,2024-03-05,True
EXP-0038,708,PRG-001,Learning Materials,7288.46,2024-03-09,True
EXP-0039,709,PRG-001,Refreshments,10950.14,2024-03-28,True
EXP-0040,710,PRG-001,General Operational,17385.74,2024-03-26,True
EXP-0041,711,PRG-002,Equipment & Laptops,13073.54,2024-03-05,True
EXP-0042,712,PRG-002,Travel & Field,7979.56,2024-03-05,False
EXP-0043,713,PRG-002,Venue Rental,8957.86,2024-03-21,False
EXP-0044,714,PRG-002,Learning Materials,13871.74,2024-03-23,False
EXP-0045,715,PRG-003,Learning Materials,1540.81,2024-03-25,False
EXP-0046,716,PRG-003,Travel & Field,12458.37,2024-03-12,False
EXP-0047,717,PRG-003,Equipment & Laptops,17474.12,2024-03-27,True
EXP-0048,718,PRG-004,Learning Materials,11035.91,2024-03-19,True
EXP-0049,719,PRG-004,General Operational,3142.98,2024-03-26,True
EXP-0050,720,PRG-004,Venue Rental,9032.55,2024-03-14,True
EXP-0051,721,PRG-005,Refreshments,4123.13,2024-03-09,True
EXP-0052,722,PRG-005,Refreshments,12464.4,2024-03-21,True
EXP-0053,723,PRG-005,Travel & Field,13040.78,2024-03-08,True
EXP-0054,724,PRG-005,Trainer Stipend,5021.45,2024-03-03,False
EXP-0055,725,PRG-001,Trainer Stipend,12977.35,2024-04-27,True
EXP-0056,726,PRG-001,Venue Rental,2668.67,2024-04-13,True
EXP-0057,727,PRG-002,Refreshments,16036.32,2024-04-05,True
EXP-0058,728,PRG-002,Travel & Field,17883.51,2024-04-05,False
EXP-0059,729,PRG-002,Travel & Field,4207.92,2024-04-12,True
EXP-0060,730,PRG-003,Learning Materials,12828.34,2024-04-28,True
EXP-0061,731,PRG-003,Trainer Stipend,11227.97,2024-04-13,True
EXP-0062,732,PRG-003,Equipment & Laptops,6069.97,2024-04-03,False
EXP-0063,733,PRG-004,Travel & Field,1942.6,2024-04-28,False
EXP-0064,734,PRG-004,Learning Materials,9907.12,2024-04-24,True
EXP-0065,735,PRG-004,Venue Rental,7867.11,2024-04-08,False
EXP-0066,736,PRG-005,Refreshments,16909.75,2024-04-05,False
EXP-0067,737,PRG-005,Refreshments,10514.88,2024-04-06,True
