outcome_id,source_record_id,beneficiary_id,program_id,indicator_name,baseline_score,exit_score,evaluation_date
SURV-0001,740,BEN-001,PRG-001,Digital Skill Proficiency,20.5,40.9,2024-04-02
SURV-0002,741,BEN-002,PRG-004,Confidence Score,42.0,69.5,2024-04-14
SURV-0003,742,BEN-003,PRG-004,Digital Skill Proficiency,42.4,70.8,2024-04-05
SURV-0004,743,BEN-004,PRG-003,Digital Skill Proficiency,37.9,58.0,2024-04-26
SURV-0005,744,BEN-005,PRG-003,Health Knowledge Index,40.5,74.6,2024-04-21
SURV-0006,745,BEN-006,PRG-001,Confidence Score,44.5,77.7,2024-04-28
SURV-0007,746,BEN-007,PRG-002,Digital Skill Proficiency,52.4,70.3,2024-04-20
SURV-0008,747,BEN-008,PRG-003,Employment Readiness,,56.9,2024-04-23
SURV-0009,748,BEN-009,PRG-004,Confidence Score,38.3,72.9,2024-04-24
SURV-0010,749,BEN-010,PRG-003,Employment Readiness,46.2,83.0,2024-04-24
SURV-0011,750,BEN-011,PRG-001,Confidence Score,48.2,70.0,2024-04-03
SURV-0012,751,BEN-012,PRG-005,Digital Skill Proficiency,37.4,65.2,2024-04-02
SURV-0013,752,BEN-013,PRG-005,Employment Readiness,32.9,54.3,2024-04-04
SURV-0014,753,BEN-014,PRG-001,Employment Readiness,45.9,61.0,2024-04-28
SURV-0015,754,BEN-015,PRG-002,Digital Skill Proficiency,36.5,61.1,2024-04-05
SURV-0016,755,BEN-016,PRG-001,Health Knowledge Index,27.9,49.1,2024-04-24
SURV-0017,756,BEN-017,PRG-001,Confidence Score,24.2,56.0,2024-04-02
SURV-0018,757,BEN-018,PRG-005,Digital Skill Proficiency,53.4,70.1,2024-04-15
SURV-0019,758,BEN-019,PRG-003,Confidence Score,23.0,49.4,2024-04-12
SURV-0020,759,BEN-020,PRG-005,Confidence Score,45.9,67.0,2024-04-12
SURV-0021,760,BEN-021,PRG-004,Employment Readiness,45.6,74.3,2024-04-26
SURV-0022,761,BEN-022,PRG-001,Health Knowledge Index,20.8,49.3,2024-04-21
SURV-0023,762,BEN-023,PRG-001,Confidence Score,20.1,51.5,2024-04-28
SURV-0024,763,BEN-024,PRG-003,Digital Skill Proficiency,27.2,66.8,2024-04-14
SURV-0025,764,BEN-025,PRG-001,Employment Readiness,44.9,62.2,2024-04-08
SURV-0026,765,BEN-026,PRG-005,Health Knowledge Index,,68.8,2024-04-24
SURV-0027,766,BEN-027,PRG-001,Employment Readiness,42.3,67.2,2024-04-19
SURV-0028,767,BEN-028,PRG-004,Employment Readiness,28.3,49.8,2024-04-11
SURV-0029,768,BEN-029,PRG-004,Confidence Score,31.1,52.9,2024-04-03
SURV-0030,769,BEN-030,PRG-002,Digital Skill Proficiency,25.4,44.5,2024-04-15
SURV-0031,770,BEN-031,PRG-001,Confidence Score,53.8,74.0,2024-04-10
SURV-0032,771,BEN-032,PRG-001,Digital Skill Proficiency,25.5,57.7,2024-04-27
SURV-0033,772,BEN-033,PRG-005,Digital Skill Proficiency,,63.9,2024-04-05
SURV-0034,773,BEN-034,PRG-002,Confidence Score,33.9,50.1,2024-04-10
SURV-0035,774,BEN-035,PRG-002,Digital Skill Proficiency,53.3,89.7,2024-04-18
SURV-0036,775,BEN-036,PRG-002,Digital Skill Proficiency,36.2,71.3,2024-04-05
SURV-0037,776,BEN-037,PRG-001,Employment Readiness,24.6,60.2,2024-04-12
SURV-0038,777,BEN-038,PRG-001,Confidence Score,52.1,69.0,2024-04-03
SURV-0039,778,BEN-039,PRG-004,Employment Readiness,23.2,59.4,2024-04-26
