beneficiary_id,full_name,gender,age,city_location,registration_date,contact_phone
BEN-001,Isaac Bakshi,Female,16,Noida,2024-02-24,
BEN-002,Anvi Konda,M,18,Faridabad,2024-01-03,+912181960013
BEN-003,Viraj Tiwari,M,62,New Delhi,2024-04-08,0838637940
BEN-004,Nathaniel Sami,Non-Binary,16,Delhi,2024-03-09,04235116155
BEN-005,Aishani Bassi,Non-Binary,18,new delhi,2024-03-28,7816184959
BEN-006,Rehaan Boase,Non-Binary,16,Gurgaon,2024-04-03,+913413164752
BEN-007,Kamala Pant,M,32,Faridabad,2024-01-02,+914192832764
BEN-008,Theodore Nair,Non-Binary,18,N. Delhi,13/03/2024,+913056413953
BEN-009,Xalak Randhawa,Non-Binary,21,noida,2024-03-23,7242388496
BEN-010,Mohini Pathak,Female,62,Delhi,2024-02-06,+912871012269
BEN-011,Devansh Rajan,Non-Binary,,GURGAON,2024-03-27,09784801845
BEN-012,Isaac Memon,Female,24,New Delhi,13/03/2024,
BEN-013,Radhika Dugar,M,,noida,2024-04-13,00482814893
BEN-014,Michael Prakash,F,21,Noida,2024-03-24,+918809570154
BEN-015,Wriddhish Bhardwaj,M,35,noida,2024-02-17,+919117182278
BEN-016,Noah Lanka,Female,18,Delhi,2024-04-20,
BEN-017,Pallavi Kakar,F,62,Gurgaon,2024-01-22,3465787133
BEN-018,Devansh Nigam,M,28,noida,2024-04-06,+919839301031
BEN-019,Azad Narayanan,Non-Binary,50,Delhi,2024-01-28,+918347382997
BEN-020,Xavier Solanki,M,62,N. Delhi,2024-02-18,03116566701
BEN-021,Darsh Rau,M,16,Faridabad,2024-01-04,5133387262
BEN-022,Arya Shere,Non-Binary,24,New Delhi,2024-01-03,+911781080132
BEN-023,Niharika Sunder,Female,50,Delhi,2024-04-18,03602606474
BEN-024,Pallavi Sur,M,62,Gurugram,,+913430980500
BEN-025,Vansha Thakkar,Male,,Noida,2024-03-15,2081219136
BEN-026,Jagdish Koshy,F,18,N. Delhi,2024-03-01,9091699854
BEN-027,Samarth Murthy,Male,62,N. Delhi,2024-01-08,
BEN-028,William Lanka,Female,32,new delhi,2024-03-22,02475107991
BEN-029,Ethan Yogi,M,21,Faridabad,2024-02-26,+918425135427
BEN-030,Chasmum Wadhwa,F,24,new delhi,2024-04-12,+918412411824
BEN-031,Baghyawati Kade,F,,New Delhi,2024-01-02,5348740164
BEN-032,Chaitanya Aggarwal,Non-Binary,18,N. Delhi,2024-04-05,02427868011
BEN-033,Manthan Banik,Non-Binary,42,N. Delhi,03/04/2024,09826204505
BEN-034,Shivansh Krish,M,18,New Delhi,2024-01-03,1586923226
BEN-035,Aryan Gola,Male,21,Gurugram,2024-02-28,5634216073
BEN-036,Ryan Sharma,Female,21,Gurugram,2024-04-09,04330365414
BEN-037,Indali Upadhyay,F,28,Gurugram,2024-04-05,08501429401
BEN-038,Radha Pai,Male,16,Faridabad,02/03/2024,
BEN-039,Dipta Sarin,M,42,GURGAON,,8169340608
BEN-040,Ronith Patla,Female,50,new delhi,03/01/2024,01595148465
BEN-041,Neha Merchant,Male,35,new delhi,,2366299468
BEN-042,Aadi Modi,M,62,New Delhi,2024-04-22,03699577738
BEN-043,Urvashi Gara,M,32,Noida,2024-03-08,1489513433
BEN-044,Manan Bakshi,Male,,Noida,2024-01-01,+913791769367
BEN-045,Mugdha Kohli,M,18,new delhi,2024-03-05,+910163287083
BEN-046,Jairaj Shan,Female,24,noida,2024-04-27,+917889579868
BEN-047,Sanaya Dutt,Non-Binary,62,GURGAON,2024-03-22,
BEN-048,Vaishnavi Sengupta,Male,28,new delhi,24/02/2024,03487347143
BEN-049,Anita Nayak,M,24,noida,2024-03-17,08122362316
BEN-050,Nikita Narayanan,Female,18,Gurugram,02/01/2024,7603669096
BEN-012,isaac memon,Female,24,Delhi NCR,2024-02-15,
BEN-099,Aishani Bassi,Non-Binary,18,new delhi,2024-03-01,7816184959
