expense_ref,program_code,expense_category,amount_spent,incurred_date,receipt_verified
EXP-0001,PRG-001,Equipment & Laptops,"₹11,271.75",2024-01-18,Yes
EXP-0002,PRG-001,Travel & Field,9116.77,2024-01-23,Yes
EXP-0003,PRG-001,Venue Rental,12604.13,2024-01-05,Y
EXP-0004,PRG-001,Travel & Field,"₹8,481.61",2024-01-13,No
EXP-0005,PRG-002,Venue Rental,10317.06,2024-01-28,True
EXP-0006,PRG-002,Travel & Field,16275.78,2024-01-18,Yes
EXP-0007,PRG-002,Equipment & Laptops,"₹12,350.43",2024-01-12,Pending
EXP-0008,PRG-002,Travel & Field,12678.29,2024-01-13,No
EXP-0009,PRG-003,Trainer Stipend,3127.01,2024-01-08,Pending
EXP-0010,PRG-003,Travel & Field,10991.38,2024-01-15,Pending
EXP-0011,PRG-004,Learning Materials,3987.29,2024-01-01,Yes
EXP-0012,PRG-004,Trainer Stipend,"₹15,216.74",2024-01-24,No
EXP-0013,PRG-004,Equipment & Laptops,10098.39,2024-01-12,No
EXP-0014,PRG-004,Refreshments,2608.38,2024-01-02,True
EXP-0015,PRG-005,Trainer Stipend,12672.8,2024-01-06,Pending
EXP-0016,PRG-005,Equipment & Laptops,10606.52,2024-01-11,Y
EXP-0017,PRG-005,Venue Rental,11891.05,2024-01-06,Yes
EXP-0018,PRG-005,Travel & Field,11632.76,2024-01-07,Yes
EXP-0019,PRG-001,Equipment & Laptops,4895.44,2024-02-25,Pending
EXP-0020,PRG-001,Trainer Stipend,"₹14,691.79",2024-02-18,No
EXP-0021,PRG-001,Trainer Stipend,5828.83,2024-02-28,True
EXP-0022,PRG-001,Learning Materials,7912.55,2024-02-13,No
EXP-0023,PRG-002,Equipment & Laptops,14926.68,2024-02-23,Pending
EXP-0024,PRG-002,Trainer Stipend,"₹12,589.82",2024-02-11,Y
EXP-0025,PRG-002,Refreshments,12941.7,2024-02-17,Pending
EXP-0026,PRG-002,Venue Rental,8480.14,2024-02-16,Y
EXP-0027,PRG-003,Equipment & Laptops,"₹9,579.09",2024-02-05,Pending
EXP-0028,PRG-003,Trainer Stipend,15781.12,2024-02-01,No
EXP-0029,PRG-003,Learning Materials,9839.73,2024-02-16,No
EXP-0030,PRG-003,Venue Rental,"₹4,259.68",2024-02-19,True
EXP-0031,PRG-004,Refreshments,"₹5,209.92",2024-02-10,No
EXP-0032,PRG-004,Learning Materials,"₹9,928.30",2024-02-19,True
EXP-0033,PRG-005,Trainer Stipend,14040.07,2024-02-15,Yes
EXP-0034,PRG-005,Travel & Field,15196.17,2024-02-25,Yes
EXP-0035,PRG-005,Venue Rental,5836.45,2024-02-28,Yes
EXP-0036,PRG-005,Equipment & Laptops,4962.99,2024-02-24,Pending
EXP-0037,PRG-001,Venue Rental,4238.7,2024-03-05,Yes
EXP-0038,PRG-001,Learning Materials,7288.46,2024-03-09,True
EXP-0039,PRG-001,Refreshments,10950.14,2024-03-28,Yes
EXP-0040,PRG-001,,17385.74,2024-03-26,True
EXP-0041,PRG-002,Equipment & Laptops,13073.54,2024-03-05,Y
EXP-0042,PRG-002,Travel & Field,7979.56,2024-03-05,No
EXP-0043,PRG-002,Venue Rental,8957.86,2024-03-21,No
EXP-0044,PRG-002,Learning Materials,13871.74,2024-03-23,No
EXP-0045,PRG-003,Learning Materials,1540.81,2024-03-25,No
EXP-0046,PRG-003,Travel & Field,12458.37,2024-03-12,No
EXP-0047,PRG-003,Equipment & Laptops,17474.12,2024-03-27,True
EXP-0048,PRG-004,Learning Materials,11035.91,2024-03-19,Yes
EXP-0049,PRG-004,,3142.98,2024-03-26,Y
EXP-0050,PRG-004,Venue Rental,9032.55,2024-03-14,Y
EXP-0051,PRG-005,Refreshments,"₹4,123.13",2024-03-09,Yes
EXP-0052,PRG-005,Refreshments,"₹12,464.40",2024-03-21,True
EXP-0053,PRG-005,Travel & Field,13040.78,2024-03-08,Yes
EXP-0054,PRG-005,Trainer Stipend,"₹5,021.45",2024-03-03,No
EXP-0055,PRG-001,Trainer Stipend,"₹12,977.35",2024-04-27,Y
EXP-0056,PRG-001,Venue Rental,"₹2,668.67",2024-04-13,Yes
EXP-0057,PRG-002,Refreshments,16036.32,2024-04-05,Y
EXP-0058,PRG-002,Travel & Field,"₹17,883.51",2024-04-05,Pending
EXP-0059,PRG-002,Travel & Field,4207.92,2024-04-12,Y
EXP-0060,PRG-003,Learning Materials,12828.34,2024-04-28,Y
EXP-0061,PRG-003,Trainer Stipend,11227.97,2024-04-13,Y
EXP-0062,PRG-003,Equipment & Laptops,6069.97,2024-04-03,Pending
EXP-0063,PRG-004,Travel & Field,1942.6,2024-04-28,Pending
EXP-0064,PRG-004,Learning Materials,9907.12,2024-04-24,Y
EXP-0065,PRG-004,Venue Rental,7867.11,2024-04-08,Pending
EXP-0066,PRG-005,Refreshments,16909.75,2024-04-05,No
EXP-0067,PRG-005,Refreshments,10514.88,2024-04-06,Yes
EXP-0068,PRG-001,Refreshments,-4500.0,2024-03-12,Yes
EXP-0069,,Office Supplies,3200.0,2024-02-18,Pending
